Temperature,Humidity,Wind Speed,Rainfall,Day Of Week,Month,Holiday,Weekend,Electricity_Demand_MWh
9.9816047538945,61.526542810897446,16.81757485522245,29.964964350319434,0,9,0,0,1229.0683971725077
33.02857225639664,58.33455021037848,19.917034929784307,25.68539276076524,0,8,0,0,647.7123139883893
24.279757672456203,22.051365264514857,6.261697469812474,14.409226297976474,2,11,0,0,1007.5095524321027
18.946339367881464,47.299826210092505,15.621852490174973,0.32321788948552754,4,7,0,0,966.1259311402525
1.2407456176974607,50.41564950286856,14.293649578593717,24.811961095040697,4,10,0,0,1286.3432044120439
1.2397808134481059,51.90582247175204,20.82075941970678,14.281299428112154,2,8,0,0,1209.2057656253698
-2.6766555132720216,66.41378953818658,22.652176512031513,36.730415035526754,3,6,0,0,1293.522655683861
29.647045830997406,62.68820373815028,0.3039192869346702,1.1973132635241746,0,9,0,0,1134.2970252820055
19.04460046972835,68.63240742347557,16.850497976469818,29.241390565289542,0,3,0,0,811.7013800674692
23.322903111841818,81.19066092337026,1.2958949779932256,47.07371187530327,2,10,0,0,1031.4052336456607
-4.176620228167902,85.03885909728749,13.721466626933898,8.720463355574976,2,10,0,0,1638.4152491737361
33.79639408647977,77.44984609811955,7.190818226091955,23.58247453752977,3,9,0,0,625.7408270212784
28.29770563201687,96.44189567639478,7.66941498805353,4.5710995908569085,5,4,0,1,1098.735231355774
3.493564427131046,21.45860661410893,8.823962586308914,31.28409561306763,4,7,0,0,793.0366637641255
2.2729986882840247,35.662238854683686,15.532311226240253,27.52658402981128,1,9,0,0,1083.5140318024414
2.3361803941373527,20.605029998251368,8.35124914171923,20.368276210641618,5,2,0,1,789.2675229622909
7.169689718381509,71.79797713236825,18.31747626475701,26.06885107368706,6,2,0,1,844.9915967091611
15.990257265289515,91.84244391599896,10.113184639346743,44.82873292345051,4,9,0,0,1011.9246420390184
12.27780074568463,39.47858372610394,1.7088300077489653,9.814715115553351,0,12,0,0,1137.9682275797259
6.6491656079216765,94.16276358370453,19.593996062102683,1.1282255852673617,6,3,0,1,1405.2203885845338
19.47411578889518,24.821391223164866,7.14395811481765,43.083244234955046,5,9,0,1,462.5761675872627
0.5797544260816734,94.75488214444114,10.819171989981566,28.855854119395325,2,5,0,0,1351.1725369951919
6.685785941408726,48.12981497917075,17.13609708054754,44.53292277309212,3,6,0,0,1025.5060226320177
9.654473731747668,28.11366627593732,8.3114039287178,29.84726117065863,4,2,0,0,852.1386985835372
13.242799368681437,58.86974073490605,1.4146414036678907,40.50805449798512,3,8,1,0,725.2843817576355
26.407038455720546,40.542125417640634,9.34802617532034,21.483668167757397,6,11,0,1,741.5906890834799
2.9869512863343894,42.78983215695383,23.611214567357585,37.49299656441344,4,9,0,0,1127.355066572592
15.569377536544465,44.58319719410292,16.043359932463954,45.6520733444928,5,2,0,1,455.36939689563894
18.6965827544817,84.24207182661307,16.786978716680174,28.606148186110314,0,6,0,0,1088.3864392582498
-3.141983491200091,63.132902134020355,15.807053840940997,9.039257528118977,1,6,0,0,1312.4872736934954
19.301794076057533,44.90461593248029,4.9748034739859195,13.439880751509909,3,8,0,0,1131.2730735879754
1.8209649474916612,68.82670266487347,10.458346602557004,9.93222884487029,3,10,0,0,1541.7351001697182
-2.3979362805888194,77.29205393785548,18.773494959082957,12.342851379786646,1,12,0,0,1917.3994580193264
32.95542149013333,41.8099200586827,2.534322438828979,15.32077246755182,3,5,0,0,847.185344327826
33.625281322982374,53.08392812202812,6.946319402242807,27.756689337659424,3,9,0,0,823.984859835402
27.335893924658446,29.750887466955803,6.907977711646341,29.39958147319164,4,1,0,0,476.13687178552175
7.184550766934827,34.491947962774425,10.80047318986265,21.324987362093058,4,9,0,0,1070.082114698478
-1.0931154397446452,74.48942831719863,24.509218523554626,30.77103899104177,1,10,0,0,1524.392849822268
22.369321060486275,34.515067815650156,1.6875636670955485,4.078746280568296,6,7,0,1,886.6762085674937
12.606099749584052,62.01307069336481,12.967524859514876,4.389411852907998,0,4,0,0,1339.8512517078432
-0.11847060620884697,76.72370093779462,4.484117050305262,8.591473017882922,5,3,0,1,1338.5313840774159
14.807076404450807,28.55015384757951,24.266913635243604,25.903874902017236,5,10,0,1,950.9394141464267
-3.624459155391264,65.38497757031229,2.832587618186605,10.699733934915677,6,11,0,1,1569.4122237664428
31.37281608315128,40.525022696109104,10.090025059039782,14.164220174628866,3,6,0,0,698.6080267613115
5.351199264000677,97.03415001900639,18.447124620865154,20.015641808649704,0,12,0,0,1499.4269679028928
21.50089137415928,58.683651737593976,17.613860700686132,40.59330620051899,1,1,0,0,524.5286026354406
7.468443043576438,84.47940398201266,10.568215922348307,0.6931067956430059,6,3,0,1,1419.325429632282
15.802720847112433,64.01812337250094,8.663104198817956,32.46894101183112,1,2,0,0,741.1144436832956
16.868411173731186,23.473002628385533,9.940309463821764,33.44382655203427,4,11,0,0,797.665228123727
2.3941782210210816,70.65211004752179,6.606906578965982,39.93278901783183,3,9,0,0,1254.9855125992208
33.783385110582344,96.11226737653256,5.133323467669995,46.63764695301566,2,3,0,0,582.4958251656254
26.005312934444582,68.1289456117065,12.07599243897225,1.0068924474644914,1,2,0,0,986.6686702359679
32.579957662567566,85.53510875414321,6.713343901690183,7.689185275660809,6,4,0,1,848.8555169962829
30.793094017105954,90.73651706787263,7.186541622431253,44.30856470279965,3,2,0,0,390.51044351550496
18.915999152443405,38.2463817559146,16.418901586863928,22.925928109350767,0,1,0,0,644.3822909767404
31.874969400924673,36.96358719265813,24.213433292497307,28.229531946673177,6,6,0,1,670.9812557558926
-1.4602999179232201,68.87847910807933,15.090930013984377,33.15136018615737,4,10,0,0,1311.0253423222425
2.839314496765808,52.882277584536375,1.924486676624157,33.95333022478187,5,8,0,1,836.0883709748502
-3.1909084435784774,87.18890422933762,1.8895903463516746,46.58702016582541,0,10,0,0,1220.9177029479654
8.013213230530575,92.00184987184089,23.78558052113915,49.847470870583486,1,10,0,0,1224.8928997131889
10.547091587579281,48.27371034421745,7.432269757683341,36.00787304654701,1,2,0,0,831.9514478778684
5.853961270955836,38.94964471795856,2.3016746520618856,14.36106046025754,0,9,0,0,1208.5034879708687
28.149500366077174,82.44204121950895,14.976114678759538,43.98762011471718,1,3,0,0,601.1233241082311
9.270133067743572,41.984482843850884,15.591219457256653,2.4610457270380803,6,8,0,1,1077.2228012716291
6.2373803874952305,85.80914548109428,16.212620502967205,11.55404264372481,3,12,0,0,1649.1883398029302
16.70784332632994,53.89906029190102,6.685050696438532,44.869285873185746,1,8,0,0,907.3419359923548
0.6369689989905059,73.40399194331764,0.37776710536187585,12.809575721967747,4,3,0,0,1449.013201927961
27.087879230161587,27.642825106773454,24.125384236361796,11.032552981087424,3,3,0,0,648.7624398742885
-2.017974252809167,69.90874597412584,6.272326142277562,6.906264657012362,6,12,0,1,1719.847647417817
34.47547746402069,56.14141429897833,16.900657201313688,42.955587882345824,2,6,1,0,342.1591363873048
25.889790771866295,66.92867705403793,17.665746746967738,25.002912959554337,1,1,0,0,764.256083931018
2.9486272613668962,33.441136619589074,15.250185426987143,33.74466015270774,1,4,0,0,1025.3892475674847
-4.779115315055904,78.94989959553457,7.822684855341206,11.953319203751484,4,1,0,0,1338.4530150287057
27.618457138193367,89.02376620345828,6.777406344101644,37.902021050560826,6,3,0,1,438.99627599208316
23.274293753904686,37.33918400726205,14.941707067567577,38.00027724810492,4,9,0,0,827.948310201402
24.160286721639494,27.657164441612938,21.652390840292288,15.629901245415006,5,5,0,1,747.7443650394141
25.85081386743783,21.89108688370691,23.66834322308489,20.53413165051414,6,12,0,1,787.6609116602978
-2.0382139306363856,71.35772003546128,2.647645110093941,10.484513871510043,0,5,0,0,1500.065095035659
9.338629141770905,68.56752288710246,3.8707153149429963,48.828051166145215,0,11,0,0,1134.913442323902
-0.36523761899481144,63.7357930171256,23.618406469576993,32.28012885292058,0,4,0,0,1017.3924225743408
29.52413703502374,38.555767689278035,18.413380708369814,46.727194035775774,4,3,0,0,411.7229014197887
19.931925073102317,51.27247967244117,22.074845620744327,15.169277181456659,0,5,0,0,772.0841810076845
8.235920994105967,67.55810681489385,5.065815853383579,39.094545649844484,6,11,0,1,1051.0685754200238
-2.4576659885590546,59.741348708733554,14.689646777735046,38.2929321942371,0,4,0,0,1064.7474805822837
7.439292868626488,99.02284161719098,17.528489860436842,34.582782593327074,2,8,0,0,1361.9448705868845
8.007332881069882,30.91518020453865,17.002797136174316,48.28194876334002,0,4,0,0,598.3464914832008
24.18424713352256,75.6115643238075,10.203792271667453,19.677766805315777,1,11,0,0,1126.7753775212245
20.502298854208526,52.34550144834337,0.3848722922827119,6.535866179487865,5,12,0,1,827.998387292562
30.48850970305306,54.25596919404918,14.573151420106578,33.58544296220304,4,8,0,0,802.9944557460163
13.888597006477973,77.4078212526541,6.327538479490219,36.46549002386031,3,6,1,0,797.8703362070711
-0.21623016246793192,75.39489210594957,11.25635615357226,28.753028672940733,5,12,0,1,1383.9244823265649
23.5297914889198,99.30047949617506,23.939525377095432,10.340894656669814,2,11,0,0,1268.682555731098
25.431401944675898,30.27154315633002,9.975882941060869,25.222797083467768,4,5,0,0,727.4166991442562
17.45108790277985,28.328771950733305,20.995040166610668,15.60948682845647,6,4,0,1,951.047723612048
25.83868719818244,77.9471053702993,4.713515143731279,21.373326408334453,4,4,0,0,899.357713195259
14.75182385457563,66.27095336051272,16.81151245062572,32.260928792233194,1,12,0,0,1246.100036771013
15.909313175279763,41.93285332478447,24.425173860973587,37.26073713454173,6,4,0,1,580.2054430586672
12.101640734341984,26.35354951911893,2.5473275218234197,11.611234545067155,5,11,0,1,1061.5398271687345
-3.9832349302361925,26.852659967714445,0.2079985556798003,20.266268032347668,5,9,0,1,1008.6310791841812
-0.684342920267822,91.53526997312946,10.83956981581536,13.45807854958146,0,4,0,0,1553.852028274827
-3.74283257253063,35.34938597749943,2.31563707628418,9.931580693093455,6,12,0,1,1414.1889434136299
20.456416450551217,45.86972496924166,18.709608741905782,39.16936099979192,1,9,0,0,716.2993469912261
7.574239243053067,38.13251217815904,22.863716596213973,45.46263472184962,0,10,0,0,887.9638405351228
15.34282764658811,48.39970446655499,10.850524317718971,18.511609284228836,0,6,0,0,1034.5496806869344
31.30265895704372,25.55390741968747,6.467791053886024,37.56394621868834,4,10,0,0,687.9122742600875
4.971689165954998,61.52478327266163,10.860082975165245,44.849764468220556,5,7,0,1,1064.22382049396
11.41531692142519,25.409005087377192,18.086195446250024,42.30621052651158,0,12,0,0,915.5130193383768
25.222045541721947,84.02852062578893,0.22635403950927446,9.140669426961296,2,10,0,0,1114.3930664255831
4.1519266196648985,38.69696655283464,14.736349737117429,47.81459407566807,2,3,0,0,796.3792062191332
-1.9208036068482803,63.20095316836085,15.332292122184477,18.833822021473125,5,8,0,1,1505.6314238774014
6.590058116550721,90.40632700491666,15.942206172398388,16.962033058691816,2,3,0,0,1143.1700045019497
1.4488514901601768,72.07018952377554,6.050551999521931,3.1215663638890168,4,1,0,0,1254.0440506977357
32.18790609370292,62.636622924106824,17.85131808445317,24.30868270524415,1,10,0,0,984.0767667561192
27.32481518257668,45.94670024923005,2.28478715829441,5.450680782046435,3,12,0,0,1145.2839535290414
20.33615026041694,46.64015304465583,4.98175841167002,12.426991046371299,0,5,0,0,909.350144850172
29.85842360750871,73.5589564158552,21.936751166362047,15.847131088364069,3,2,0,0,887.332006745874
27.146883075964578,99.5311488976934,18.46807876816416,40.4413161745842,1,10,0,0,1120.730014324916
2.4628023554414336,72.9471351879503,0.3436388502836313,43.77443251979483,1,6,0,0,1060.9029588914989
30.702359939599113,64.622673389602,6.209406509245005,15.123315873073484,4,10,0,0,1005.1628527125689
16.573689676626028,78.45204081913968,5.360162074829114,42.93490606222869,2,9,0,0,1053.928539466251
27.297606206562502,57.21644898269745,6.770158200924314,42.861546868489555,2,1,0,0,464.4915113415832
30.84365199693973,24.811387408062817,6.1889942569971605,38.232547519243674,1,4,0,0,525.7070264955887
7.720138998874555,64.98374527023279,1.5631573935711436,7.334755700759077,4,1,0,0,1371.5693669960324
-0.5979230188929296,96.61002276043041,11.473512914920509,34.51614234503645,4,1,0,0,1110.5103646520565
4.117406501677667,34.02423538861277,18.31833686965413,47.25120322902844,5,8,0,1,687.4821675885177
12.084311545050252,75.20039126565325,15.16829311793591,34.12702393835785,6,11,0,1,1150.97555387381
27.720590636899725,36.07469509272452,16.821791714951996,16.580842455391696,0,2,0,0,563.8493224833232
29.429223330253738,62.8662147578465,2.0287294634059787,25.028965871541565,6,1,0,1,426.402776151469
-4.721914778752372,27.73411597173757,23.78726775441968,32.28625216755268,2,11,0,0,1059.2907383409017
15.42989210310263,56.02967490065481,20.96229584607562,25.52852043642518,1,8,0,0,1037.1141555274467
11.69644012595116,80.49306631161969,20.127257962391568,5.997647086548491,5,4,0,1,1223.9977444454041
3.88431241882921,47.80572193911857,20.574595126044187,15.603202232601031,3,3,0,0,1104.1447924250097
-0.20538530665268784,73.19293795897744,23.317762703319033,40.119801527681624,2,12,0,0,1513.5162978777164
8.504606856145118,83.63599686317833,13.606349152842443,43.07090230477587,0,4,0,0,1138.7032834362528
32.71638815650077,94.17422555835621,5.007050446690648,6.865001635778512,4,11,0,0,1444.3737863820415
7.928117280830209,38.77136654843628,15.419590196313528,47.61933761993623,1,5,0,0,784.2337243163638
15.751624869734645,51.94527326474465,18.572037341698476,16.441130892430465,2,1,0,0,1044.5666648878735
23.120758355807112,32.19328106643339,18.447934833850635,33.115686936536,3,11,0,0,880.7792951761169
9.54518409517176,99.39868017267001,13.036225604172003,37.591257297834055,0,1,0,0,1054.8137489177393
33.87128330883843,94.16007743394363,1.7114679833394515,40.59731173189417,0,3,0,0,603.4423486553327
33.497891797684446,63.196570422444765,9.277823460753195,47.287485111296505,5,6,0,1,212.8805918799842
5.071291833014566,87.3626635501137,23.019165211583932,15.64597740144113,2,1,0,0,1344.0516421655057
14.889940235695418,61.67663818176337,14.61122274393565,42.92532272757772,3,11,0,0,1130.416929238282
7.0351323926707865,69.88685504022078,13.458298581392835,6.584345171810352,0,12,0,0,1412.418641925899
6.3936197750987045,27.12995456928133,6.721337859554838,35.25204531767964,1,2,0,0,759.6978325439787
-3.524522105818688,80.42163363974464,9.211222997914472,37.098886475699295,0,12,0,0,1561.5742978662965
19.382573359195874,30.217078690818788,22.38365222882923,33.88616206006602,3,7,0,0,740.3025992586124
15.10716092915446,86.08541042020227,16.661576188170894,12.61573680675765,4,1,0,0,1260.2957898056866
-2.940849950000426,82.56224701363087,19.68467566880832,43.65215735076017,4,7,0,0,1255.7434588124388
6.145858569464457,76.69957581943811,11.358635576691379,8.44292316851975,5,4,0,1,1197.082186953583
31.33063543866615,22.89283044198097,15.756180486403949,2.681739576041542,2,10,0,0,1074.2282771364285
4.582475626678897,44.250268475626285,6.209590218580188,35.87324953059561,3,6,0,0,892.8255194951425
0.7957948836489237,41.04900559286743,17.63652075708716,23.773785761636685,5,8,0,1,1058.3528854249316
14.578110411102521,48.810912597721526,10.690033342583433,42.454900997933805,6,9,0,1,702.659375056168
34.42601816442403,27.011419741107083,11.06363787036864,19.16985705291295,0,6,0,0,514.8360045020565
4.6822108604600166,94.95662584248502,16.233058114422043,8.413929425385641,6,12,0,1,1628.1801800179514
21.885421896235144,64.3041792569901,23.407015536723165,41.82210962349349,0,11,0,0,900.5390425020844
25.4647846131487,44.44194485264188,1.600158665215523,27.445481582003584,4,9,0,0,887.8447662180199
4.505501759695987,51.75852136594267,20.61858093367519,9.459789619517744,5,4,1,1,784.3853125532938
24.128653944474383,55.77620324038685,7.309577760304828,36.01919992932229,4,6,1,0,439.1235542117636
9.711325308770128,68.04754666884938,11.097986362659446,25.555681924475028,1,8,0,0,1206.3649161459005
20.292233223743178,61.25435421571982,0.5478332193752239,30.215649112015992,6,9,0,1,1017.7955077614135
20.34118843043579,93.55135785715339,7.526151945857825,23.044916910329093,6,3,0,1,975.092312509407
16.43098736299034,59.75707863246642,12.565781065753262,41.43544919090032,4,2,0,0,664.1585934549362
-1.388409197823668,99.372641185865,1.4044019336859752,41.47813578415249,1,6,0,0,1136.7636545844975
28.41209982356952,88.11399661960766,12.27739323457913,35.46944109121931,0,4,0,0,739.4642564608512
7.831202598869433,36.680841148586865,23.177765721460684,5.270068869823113,5,1,0,1,985.3425972503011
2.4607404159941693,94.4476171715133,2.6348304526951303,41.942693095203445,1,8,0,0,1025.4005201667007
-3.3689943378094434,29.309311830838087,19.11101820188761,33.55064902664549,5,9,0,1,948.4600133338608
18.635717727529673,85.39597667929533,10.241776334399816,34.85120830021498,6,9,0,1,915.6599906854841
22.1025744736913,50.4498634781264,16.37934286310845,18.149142020193583,5,2,0,1,706.2371050910475
-4.336486842885754,90.23794563560556,6.505914949630734,43.963977807850334,6,9,1,1,1054.175434667202
15.48372233197124,89.44453520859602,3.987306563533957,36.26858001174288,1,7,0,0,1009.1688762523372
4.059831007917518,84.4740320094097,4.011565356780661,5.629523326459723,6,5,0,1,1413.7879105975417
20.806911616377995,83.20243490456491,1.7622986410786163,20.388901720308134,2,7,0,0,1126.014770659277
1.9746571601996576,44.37433112784326,4.641167622531076,44.319018098007085,6,9,0,1,891.3376240506947
22.63750952409864,26.473542644100174,16.605484624724205,2.3598350848689496,4,8,0,0,1106.7952268535732
10.469413852021496,52.23841430121291,22.042265296087702,48.07083098210248,1,6,0,0,903.721146147906
32.46919954946938,33.88196119892069,20.353142139779045,33.95812841597814,0,4,0,0,358.1169577977123
0.50083776583973,75.59608711219694,17.128357746862104,31.56879888216883,5,1,0,1,1015.8338388295601
8.64265404201034,47.687978123022845,2.760796585277567,13.52796282439957,3,6,0,0,1248.0680980582388
-0.4610591503764372,98.04881606879319,7.229686157398746,12.439589436958853,1,3,0,0,1582.9723734750394
31.987744731142513,71.27776618762655,7.745171883061724,47.102910974429776,4,6,0,0,638.1247730563496
30.09357413523924,85.79844509074887,6.24892365994053,14.913622711706138,6,6,1,1,697.6213774533361
5.317665108606224,30.601973819347876,12.875141492743078,38.77526483594997,5,4,0,1,773.374506516876
21.39936184136716,88.9611585818098,13.388845371991815,19.65608991035396,2,2,0,0,1094.809500058164
27.688888008048632,93.82057524107155,8.922149379277755,6.962703539235199,0,9,0,0,1283.5700143517881
17.208032463978494,58.96495350551487,8.8447289684109,0.5357648847679475,2,2,0,0,1131.8965042148811
16.18602313424026,68.5002350200782,20.713889947652035,27.21286685076254,3,3,0,0,934.029624040934
4.674091636018067,81.18478407223964,19.73232120799214,48.78894092744663,1,10,0,0,1053.709258854077
-1.2758892877640315,33.98709018083301,7.694895792018642,18.456809690460226,5,1,0,1,932.4590728748451
30.88863031813307,60.205286117075396,22.84471109683148,17.859616699652243,1,7,0,0,847.078836422468
31.016722286533216,51.89304222178505,23.82037542506265,17.204580892472105,4,1,0,0,632.4171809700271
20.32405829093072,31.70991937297993,8.16856355075102,26.027191865242923,1,11,0,0,1083.1373798660272
8.561191641948028,49.40275378332252,8.860623719826371,22.033244171214676,0,9,0,0,1281.140437787948
8.968382984506436,25.453784750839485,12.64085383554897,43.99573133635072,3,11,0,0,738.7176642106842
24.038227154809576,22.06495255595896,23.528020313341838,25.276039586174516,2,11,0,0,765.5591225949557
30.884410398103086,30.81330313238582,21.907985828557788,25.38789190942844,3,1,0,0,474.3812077979572
30.483456970604692,97.0492089271339,2.564199064589745,6.91857973602783,5,5,0,1,949.873567831904
26.195021834304953,63.96236287160136,9.818268581785405,49.136977045519295,1,7,0,0,696.8950809021895
20.68126584617151,97.2657728922576,13.834279743744297,12.498644543441484,5,3,0,1,944.4334830410689
-1.6344014001980467,54.59983026641056,12.5783118137885,3.668203372980133,2,9,0,0,1651.8429583626607
1.4651485637845507,44.945290646820766,4.846576698422317,33.15731244876044,5,8,0,1,1016.4686991923932
30.94216754108317,60.49134902721953,21.470419279203867,29.768318507843635,4,3,0,0,639.5306810287038
19.257162386383598,55.16093509063281,16.923519574920935,20.757282699637287,3,5,0,0,961.7895075393018
-4.632117935334814,28.453174740939513,20.94770937129509,21.1096116940339,2,7,1,0,1010.7961371854677
-0.9411382853587158,71.2661051752165,21.469106983736804,39.253196052321556,2,12,0,0,1177.7895965281107
21.54007076432223,37.28305460076797,18.708896341643495,9.785632004982453,6,4,0,1,824.0682822496165
-4.7975366461512525,69.56703639182636,10.980265031242933,41.012665947244486,2,5,0,0,1149.5574633779854
1.4323220566999462,72.01608739185227,15.263668875385614,32.437355694750906,6,3,0,1,939.3036856467492
16.949351574663446,32.16198825029185,4.009135152993578,20.94848868897622,0,9,0,0,1084.8460341893906
22.67580790770773,24.907970168853453,16.841135436872694,22.90143082919343,6,10,0,1,856.0144961497851
21.078450380104023,82.46092688547519,4.4813313934820185,12.83236035930479,3,9,1,0,1290.652608577657
3.9707723784223914,56.78403390154561,17.34873976275392,37.60571663484874,5,7,0,1,1076.481747127658
23.487168853901434,24.65310364043806,5.739954018849216,25.643737115263388,6,10,0,1,661.6570155757057
4.489963499872003,99.58930537358137,2.9387825037554993,16.04272713749218,2,2,0,0,1245.4684301422374
8.015987926370709,24.62244487970933,4.132112253573935,29.80250578804751,3,7,0,0,873.6810120010234
24.859656204720967,75.60281830868425,0.0498033804767567,49.78672260256615,6,7,0,1,550.6887676400344
20.98531596188859,98.69431402107308,17.968490446338254,21.763113982827694,6,11,0,1,1237.8760081268326
28.968936419767118,39.13440833727405,18.310026226459478,46.03457003893098,2,5,0,0,333.5326097375728
21.304515692013734,31.379949494975694,12.873333747831486,17.250841996228306,4,9,1,0,825.2989160326557
17.732344133418863,29.71079515379431,4.034070026384592,2.7366353462492943,4,12,0,0,1232.3902372951075
-1.253009286876301,44.262011805407646,2.088858437767244,10.212105318421443,6,11,0,1,1425.4082928003725
9.708632122377342,28.083664880851735,0.47822416093217524,20.93475716638421,4,3,0,0,761.9830715238686
5.608094707269018,75.37290733553056,4.143704424130518,10.981746429728451,1,4,0,0,1335.8819376531999
4.759585735163343,24.983343850405014,22.271388374578667,0.011351910912776875,2,1,0,0,1257.8698489515682
33.920422190097824,60.75377025198318,6.038421042542044,45.75007688737636,1,6,0,0,443.48786650974745
10.723908986670416,99.73574830823814,8.85678318043039,42.19397056154645,3,4,0,0,964.8083967388102
30.68186220708453,85.11762156048151,2.6336371120333295,37.11461157434736,1,1,0,0,700.6770798484592
20.245545039890516,69.21755505848087,5.559032618704257,8.390729782301431,3,2,0,0,932.7102619546824
26.792452141665937,44.500289662928935,12.980614269505129,6.018178810499303,6,3,0,1,753.0657083079458
15.105483724207684,69.91166690333108,15.193817077391314,3.3802374736191574,3,9,1,0,1337.1346059713655
18.076155385054363,62.163317112932134,6.133807854155276,36.20145943864606,3,8,0,0,842.5603869184325
14.700707752754557,54.086670711229715,1.4433039806279302,46.44039803439426,5,7,0,1,852.8495747695699
2.80971951192178,30.45683013921596,9.775821728184967,21.526791045651848,1,11,0,0,1210.8439168216912
23.898084610460213,90.92833721923733,5.8550842731583534,5.957033599802408,5,12,0,1,1196.1901168036911
6.230894497634232,55.9827719057058,5.488848080745049,25.61964103660533,6,4,0,1,1021.602143371715
-4.027361342741846,35.56980094566121,23.99657006783638,17.441595372931506,2,1,0,0,1152.611424738398
20.818891836286713,49.420748070183166,15.407512148143102,18.741246217499885,1,8,0,0,1019.5409510165714
2.0844271762819577,53.130380202314164,13.921961079302397,31.066531207785363,2,4,0,0,994.6922773962563
32.61834337411657,86.20303164534994,10.394377588083048,35.93590566311012,2,3,0,0,703.2150012052774
33.157143080103495,78.68915044491216,10.723608335753607,5.530179943658043,3,9,0,0,925.4709678491004
31.59457560881794,81.54439149130718,13.522625095952021,1.7795115403238193,1,10,0,0,1264.92993179141
9.806348010217775,20.882501154291777,17.41074517590268,49.71651513428574,2,4,0,0,744.6985446457456
-4.381735338845303,53.29231985438092,17.553652404545737,11.636417445777592,4,4,0,0,1194.3878899533288
32.132742503509014,58.50753213082589,4.292347692636239,2.6915262454229536,2,9,0,0,1021.5384344031482
12.127365932692573,21.535382145844537,12.502818801915675,9.493766454795999,4,12,0,0,1128.3704133799001
33.666192761746785,40.785056699602734,10.298952375852549,1.947892317423211,1,11,0,0,878.9459702579983
33.54479908357011,80.8231858497708,21.763174156734603,19.590544730858582,6,12,0,1,803.277401965262
29.120378218694402,30.968776458319923,15.78547303045941,40.120089222566214,5,2,0,1,190.32467114722667
6.7779556827834275,62.824810516207336,13.312601660399546,17.062222487886032,1,12,0,0,1404.220034242583
10.40390914407701,37.216149761379,2.8848660544729343,22.209170343918327,5,5,1,1,778.6138451623559
29.045466860674274,20.969661971511464,15.140947233085287,33.77933867837194,5,4,0,1,229.38336365084382
7.676880206251107,39.29611660796332,2.9300976420058356,25.444703503494008,1,9,0,0,1132.1798161087424
1.7797098674436995,98.0699003928043,8.430164389143801,43.07228430106621,2,12,0,0,1431.7554983816929
17.272050498334007,84.12296895063916,3.5710491203582966,43.301783752287825,0,5,0,0,1052.8546440033517
32.44619096643124,96.76613154568267,17.301841175609223,0.49553477455768213,2,9,1,0,1153.8892742773012
22.84119186699892,59.028323514109,5.156302845903815,38.90231532415996,2,11,0,0,966.6731413188072
17.802446803574597,28.778895894200282,9.79648432970065,23.036680012083693,6,9,0,1,906.0139859277369
-1.1129402491692586,63.83675911789544,22.391869440469467,49.442027065183154,3,2,0,0,853.8181660242042
19.60028906796679,56.350186764796874,5.107909584974257,24.161603793771757,3,9,0,0,969.0641266786696
34.60215400417053,87.54856661916928,12.695126598969479,49.344797269414876,2,3,0,0,652.3396197641524
0.6033606094609612,27.846606462739565,10.48179152915055,37.72846806028683,4,4,0,0,688.7815400278014
15.73318609454947,59.059290961742256,0.4531010261432433,12.430244230665316,6,1,1,1,597.6713159153896
30.09492287711822,32.00389317551874,19.81895283932032,26.919748964347885,5,1,0,1,275.9551125697823
24.630744710168177,45.974074151204796,1.7261476578649932,49.60678197392914,3,1,0,0,421.21807988386695
22.88062963981072,78.98856619102398,11.85637552442384,42.87653038759618,2,9,0,0,874.519974999733
23.09936335948437,58.081450349501324,14.016957373473748,4.868344689561055,6,11,0,1,1215.8643167054497
9.379646048790207,50.07106281166155,15.710661415364676,35.3185998404998,0,8,0,0,1016.9964316810481
6.7436737705797345,51.55810228560283,17.215790732696888,17.27897929354065,4,5,0,0,1013.6679613689381
27.374446219140545,56.75574147247893,6.331809588067877,0.34911309401740587,1,5,0,0,882.3477383849967
27.40453578716723,82.80132350696455,0.24946941646123433,20.17404845134998,2,9,0,0,1071.0921831828284
29.68289274320415,91.36677511521876,18.0860915588728,11.737721086248564,6,3,0,1,843.2719599599286
31.529622102258852,96.42677492031426,13.391414983689465,40.94346352602358,2,3,0,0,663.2743524970969
15.453695954437512,82.95227090042361,20.902942580181218,16.866530442288273,5,7,0,1,1259.9380381019464
15.060651787487984,45.23255165984102,20.53470907251736,41.37618469769085,4,9,0,0,973.4638203417333
26.931807158671006,75.05077648692337,21.08315419469708,0.029896941739765426,3,6,0,0,1372.917498084284
20.998557231110606,55.008249924431354,12.127366499488504,15.390957501305957,3,2,0,0,858.7744946674087
23.078675090308135,40.37364976368409,8.340709895921641,12.058260715388098,3,1,0,0,717.6722716564741
26.83170677744404,87.26972635407381,19.78895506478425,11.67836805343055,1,2,1,0,858.4861561468623
30.60021367270265,23.074107916986,11.282352825731373,3.409330988273135,6,1,0,1,518.7592833391243
8.519806274061432,92.14095937083388,4.5860549100858625,9.356213520525086,4,10,0,0,1495.711566055595
10.02331810559776,56.91819716997873,21.374350489036857,27.777478494280995,4,10,0,0,1179.0049709080074
-1.24072240636524,70.97611814466244,22.063996919308682,14.568053641887225,3,9,0,0,1707.2137798202239
18.13120563984696,72.74831377646262,11.657743903504253,20.869739116457396,3,10,0,0,1276.788161439906
-3.5623090481303166,91.60941925652291,1.8924931827446867,18.843344017359424,5,12,0,1,1667.7153184242495
13.623920725298406,70.93357457337659,9.695652247923281,43.795246249994726,0,8,0,0,1132.5333376641308
16.705785388303063,69.11468678080494,20.088441486565085,45.264949950525775,0,7,0,0,982.7673325548839
6.461650085131376,25.332163244855195,22.544350713655717,24.647848582793003,2,3,0,0,805.2057195331829
18.63333042276043,61.47264175561632,5.086818562439896,16.50779751578022,2,8,0,0,1201.697150817866
-3.779990002438023,32.01352006536333,1.674340300631788,5.340035200118182,4,2,0,0,1328.1412646749945
-3.5060724500314233,78.99470149771885,21.933761328320966,47.67014396910475,4,2,0,0,1139.9171624739697
27.90402242638633,60.97775366501396,9.735123474471882,3.0113472450148726,1,11,0,0,1186.1410190487816
9.407625656450517,74.41822233666826,13.544024106689081,14.882513878414022,1,10,0,0,1463.8728068659966
0.08242050607539131,23.333832048190743,24.20164530126897,14.903310058500207,0,3,0,0,1102.7790705375942
15.889730402192175,26.783361283664256,1.6641181978555712,16.020064307010745,2,7,0,0,850.8896060861973
25.799742123944434,77.30587104501458,16.20795018630239,8.214342163620463,0,1,0,0,906.8423375687908
3.632841099873727,25.76674687989387,1.8526355643716768,39.15807154618486,0,8,0,0,996.8379554581863
19.91561903276001,25.70053822122069,9.38672321166251,6.124893098299461,2,12,0,0,1056.7109031127495
-1.5861014002492801,20.968678018790996,20.095363629836168,31.74533295765814,6,7,0,1,880.2169544331587
-2.932731153255692,96.5201118639584,10.83680581889086,6.192301335290873,1,4,0,0,1681.6805709019695
16.25418526272592,79.00066875672056,24.92955884757376,3.526781879647828,5,5,0,1,1229.1607700278937
16.62540486440426,48.260112680165136,13.976482123665054,45.47147518429382,5,10,1,1,622.8770345579264
20.497196059928264,43.72284650301242,8.029053815898838,9.506438315935284,5,1,0,1,639.2482224332646
24.04365334890646,47.97625837966797,5.502783147618828,41.06250772798521,2,4,0,0,654.549931423705
34.03408317850138,81.97228249449455,8.763013357154046,27.23154355535679,3,1,0,0,608.5579410646178
15.652013932047812,72.90964888563315,9.31333184398877,3.89282598043848,3,1,0,0,1037.7780407762568
7.918258917649839,34.815645429397435,1.7178419430990244,47.772409571903374,3,10,0,0,830.4814423293741
26.807447790748146,33.92874682672675,9.23935498566933,12.348058349594627,4,1,0,0,828.7366394405517
5.833290050482969,27.871651977071785,11.605962993480624,42.98226726763033,1,7,0,0,818.8027489438782
12.558856828225444,72.82421757610705,18.068443805970116,8.44050028922821,1,7,0,0,1557.6091914056053
-1.8617447463093617,81.14981297773888,16.4182371180402,42.69714410709264,6,4,0,1,853.3224587736742
-3.9859702633816996,41.20371426600032,17.719141380728857,0.6614406452646993,6,12,0,1,1400.0042096913967
33.505936587117006,21.675596882473023,0.20909204692142747,25.589022828474032,4,2,0,0,542.7354151292684
28.439204820488232,26.573733398114186,5.441684989513401,38.472128971077844,0,12,0,0,850.0031308670693
22.83896824374792,97.42880278760244,16.542107209996413,46.739775874639164,6,3,0,1,613.9002222365552
11.358117776570795,43.63558219819362,12.099734204493679,45.460106810324355,5,8,0,1,764.2939063204354
1.931772802833831,81.53785182705069,0.13283689170864865,40.98124347738224,3,8,0,0,1280.3848979526686
1.2574817068434418,69.9730855083411,20.11236606079556,44.4095674830652,5,11,0,1,1134.1946904935176
5.009715926583813,50.555171172231674,19.320239332258435,9.960984291853825,3,11,0,0,1461.6474618471575
16.969066588244818,36.45498097564441,13.710479074839066,14.209214785586438,5,6,0,1,894.1610176726825
23.583836908002493,29.710913452752514,1.661583144406803,14.448426246052925,0,10,0,0,805.4912195067303
21.40789506870925,69.20103744310933,19.162876238314617,18.85269655008494,5,9,0,1,1010.2194195644857
6.197355877837714,81.97070245102304,14.592839693284098,19.666033519259436,5,11,0,1,1380.6550277951767
33.19461122652776,71.51234028329046,19.548999428948978,27.227766232733774,2,12,0,0,996.7750529599016
24.51587666783074,62.42417065993266,18.79367480989601,7.993988168322069,5,9,0,1,898.9795603568646
17.174162100456027,23.356097874530903,20.07505179894593,34.562333189299466,2,4,0,0,749.0642195261124
19.46882984937409,97.47910220755071,12.95020166011562,8.378326965225325,1,12,0,0,1510.4295622547295
11.784002497111597,83.89713533236596,3.5081129548378747,15.515424105227376,4,1,0,0,1019.0490019283844
4.9092395800462985,43.42576293607718,16.778936834492217,25.167256530307704,5,1,0,1,1035.2819527479642
9.238907146050463,98.39762634870806,15.511844626299265,39.822028076173865,1,12,0,0,1311.5494748817612
25.313844418574764,68.15052717090578,18.55632967997718,36.97346166193636,6,10,0,1,800.2582740910051
-4.424260454809765,66.59381265657971,4.2470251512683825,32.276717820526116,6,5,0,1,1199.2307667214534
-0.35709437972335056,79.84585435436257,4.874379997507231,7.788663029008508,2,2,0,0,1584.8479309295783
-3.15989431912989,84.941583047211,22.26023793048321,27.352267280778886,5,6,0,1,1391.208092680633
-3.3708479072411945,72.51828858652021,18.74944496130177,4.3723250899942725,5,7,0,1,1599.5407842332665
29.21842336044029,30.247659709296002,22.705712217508072,18.86815883983254,0,1,0,0,499.5295976275265
23.146314375200948,47.06140047955987,18.96788302909802,20.67582651449796,1,6,0,0,907.9857578867185
13.966953163493008,94.24669122608398,14.928882649757547,1.9905719722876913,3,8,0,0,1458.4550316375053
-1.0866335739599409,37.969248947508156,16.35331842569684,13.699404973498591,3,12,0,0,1532.2713202682753
14.664635004673293,49.77336190700107,22.228198098500247,47.78247336332447,0,5,0,0,825.2255265796541
13.938870831222626,54.56615063553568,14.470168862798513,47.681630391484475,2,12,0,0,1139.194676172085
1.9280747964006073,55.15239917555618,15.809783108209686,17.616352712626966,3,7,0,0,1096.4627213330084
12.35406596951892,69.03516659956205,3.9119179000900144,2.155005447416203,3,10,0,0,1383.0808085494125
10.940189375894938,95.4460670195766,11.848030502902567,8.954746966409077,6,6,0,1,1457.3009802263773
19.63400392208866,39.2554169466004,17.909927798952474,19.610889671677008,6,4,0,1,621.3250000895551
20.40374603470575,29.720110104073445,6.773567457909135,47.38898489846149,4,7,0,0,672.7667492203514
-3.1878396091182193,35.79763918879499,5.056354513113373,7.059953176859246,1,10,0,0,1579.7190174198574
9.984504585058849,90.95399201674157,7.845670205610389,38.175792183410614,2,9,0,0,1206.1018253482937
20.034396628569453,71.66486501241648,6.037515699820836,5.434126968734604,5,10,0,1,1073.3956686301835
15.125450343203507,42.87254313913281,5.372815925909896,49.06287886956384,1,10,0,0,795.445835883769
29.259593647532892,85.27575511748938,10.621271071702173,19.080824955456748,2,7,0,0,1173.7872972091627
21.3477452647578,88.90959970907488,22.695962847088353,38.7617269449528,3,12,0,0,1296.0082133441979
1.5173770832571876,87.72114709522225,12.676491168467956,17.129554140556593,4,5,0,0,1440.6905578363924
-2.1772501039828063,93.51412269116436,4.698009520383076,31.383443857940435,1,7,0,0,1308.0671766054495
20.696771128252625,40.17928161386892,1.924291734521852,9.600804237001837,3,3,0,0,1062.1251016495216
-3.9395475783351275,80.40335429970226,17.40390362844813,7.301050964848127,2,2,0,0,1564.999570692924
18.43102325093853,56.8431597819312,9.569969110909696,46.903206978406565,1,11,0,0,796.7073217156446
32.6092096569983,87.35988423120492,20.54577366463398,45.88236389522167,5,5,0,1,614.1810817921521
18.01896711503516,78.27925417292906,16.487769216019256,44.37344701064412,1,4,0,0,860.027680562531
10.526797048260876,82.11579571997797,19.90603626353421,31.271672508329672,3,5,0,0,1066.0928601647927
20.731528737694127,72.49294701448572,6.798650985461219,40.413410560813915,1,8,0,0,935.7656818412711
13.330115619660665,34.19430155757655,17.30897306152645,3.4518468455687454,5,12,0,1,1341.7379349727262
16.8246715726374,63.60215351175506,6.601549617342969,16.73945209453396,4,4,0,0,1001.8243523821366
32.658592351061,98.77357916196065,23.47671198625729,15.68515623785781,4,9,0,0,1284.91778129663
10.44410551203097,94.99104531976951,15.90935703833436,31.78226609763066,3,7,0,0,1066.7542400867287
33.44762255295657,23.453898863760934,8.112795004383552,17.797888673532025,2,10,0,0,975.6285586099897
31.21402567824255,33.18518525835497,6.737796557306816,7.42533908218404,3,12,0,0,1002.672870408878
2.8316453915718576,30.538301876364955,4.773164626791088,29.823353770677187,4,7,0,0,1138.8317195354193
-2.225547964993382,78.07839279882364,17.366023972343196,40.719196033454075,0,8,0,0,1313.1764197326352
-0.9688799449029339,85.4228263885556,5.467890324948183,19.10617472299866,0,12,1,0,1339.1691028505343
-4.271126973938011,37.080909304853755,14.882581648187227,6.613435754924085,1,6,0,0,1389.464594514522
-1.2222815697628642,60.46821543614632,6.615875673133933,9.834409865641152,5,8,0,1,1184.6158516269052
22.320270936654275,87.256242240896,16.549223619846714,11.8741652584692,6,3,0,1,1074.6726348809484
-2.1524540615908405,78.62412358130004,20.37349321351348,14.994879649726812,6,10,0,1,1535.5820766246036
7.759025211750452,63.378976439347866,19.45063107861633,32.139753525315456,6,10,0,1,1098.857515077736
28.795012438778183,67.22781523670183,19.021283273269542,30.04727422688595,1,1,1,0,547.0536709870797
-4.069122570566965,60.6688437533024,4.693060142306302,34.80399307835196,0,6,0,0,1209.479572985429
27.57873930355743,43.803876105505644,2.209623674612968,18.125099226575657,4,1,0,0,719.1895332858936
6.274190990935997,65.20175942872129,17.47372071218464,41.199882593998915,1,9,0,0,1221.0762056519611
-0.2734068951337498,75.11082416400725,9.208680344858783,10.204383057788014,6,2,0,1,1201.10594040934
22.869486614566025,89.86583326886462,10.808655660083682,23.452037375907697,6,11,0,1,1039.8427764477408
20.15771387119536,70.90330831833984,0.7787273198347766,40.046936077071514,3,2,0,0,540.9829199174761
30.098880541082117,80.88972296345264,6.48941123187623,9.007932386630962,6,7,0,1,998.12098518126
24.40284175215543,32.805730796365836,0.8419100968616006,5.493155687039147,5,2,0,1,749.9480198678983
27.139237215393944,56.92459795358319,21.97964431503119,44.18419838439949,6,10,0,1,547.2901964741704
6.281382902852259,20.746529586167462,6.084917080463262,17.146483137959795,3,8,0,0,1232.2548919722171
2.0975817511889128,39.73430916172984,13.933429239325202,34.1935062454516,6,6,0,1,850.9060684296775
25.024590065634335,78.11693720904039,0.9744830165282603,1.267430213196924,5,7,0,1,904.140489789224
27.27338957069056,99.34479610794908,16.67118478264145,34.50234442047248,4,7,0,0,1135.4243523291777
34.620205680026935,27.934247966977274,8.075683643852347,15.805065577348525,1,6,0,0,461.16736615021784
11.50470707645706,52.11954526890306,22.447979673941646,2.787042679372087,5,10,0,1,1401.4705300901642
9.880723431711328,84.00567749593276,22.202954723350896,30.49063807740585,3,11,0,0,1413.4290167642225
26.056518429679873,36.32285077031191,8.132265459043694,12.040190803658662,1,9,0,0,988.5845104098499
8.632141610120714,64.4067959441829,22.524022392261696,19.340362102594,1,9,0,0,1261.9187845060308
32.23029302414259,78.64570368237398,24.90394183746947,4.029040614325679,3,7,0,0,1179.571330033971
29.336510073720472,69.27883602081432,20.6353916030987,7.358162554747266,0,9,0,0,1248.8841740274445
12.159761095000734,35.04197876923329,21.121783693880726,14.898861774792188,6,10,0,1,987.4873774134477
25.034842711659895,48.43076549485915,6.225218402727248,4.487975028007857,5,3,0,1,921.8392406227216
25.181714963387293,82.70334275883178,14.417559971443907,45.54131323431576,3,3,0,0,792.3004281368042
-0.8750452465626957,64.33812113056133,1.6813978491841963,0.3023521591989209,4,1,1,0,1194.4606675497819
31.102116267182666,20.41836908343302,2.372948420541743,24.19301094321557,2,5,0,0,494.5784010102417
15.210094897914285,80.8792608022475,24.972315300832264,6.1623729066275725,3,4,0,0,1378.1115185627898
28.058298644309666,22.824908395219126,8.165981235647774,15.383954473897427,6,2,0,1,566.5737756600244
7.80198404122447,79.65870261849857,18.70459780122116,46.30297799091328,6,9,0,1,924.0472018479786
30.82092913984802,36.19844481321899,20.16662632567041,8.084727663699343,1,3,0,0,731.4286821058972
10.568067149366524,96.64587840955042,21.45058177518073,48.29161598591663,1,8,0,0,1206.5988823405194
-4.566493940788066,49.43526010416676,24.940707435053913,10.289718849471086,3,6,0,0,1454.1159977181362
31.215279056770548,46.15452930704633,6.037412131421696,37.078305423341476,2,5,0,0,662.4335201576346
-1.3485329285546577,31.911044026595576,1.0087706714924927,27.333863244865586,3,1,1,0,704.2974533907872
7.772545503616595,44.44833723921719,10.27978794986465,44.22393637983796,2,4,0,0,703.9841865183766
33.0024786820322,90.13206094625605,3.2520167457236737,27.699662775156547,2,3,0,0,994.4907918016863
33.024285877502244,99.70674701017978,0.5606472290513781,26.727960957815434,6,1,0,1,498.92162349366447
17.937515524931445,49.464762440547865,9.010670678537153,9.772900018419994,6,12,0,1,1108.5694607614755
20.27348848679197,55.8888504763634,19.59345627688091,8.311468102582936,6,5,0,1,1009.3889566778684
12.93782087913279,77.76567505621897,14.154517280626772,45.82445755577571,4,6,0,0,1043.4339102453705
6.728430867922581,90.89566243720596,7.819449730258851,16.391909942501705,6,2,0,1,1229.9165860569178
8.146581814796638,67.44354673494273,16.35855013731799,18.604112748144797,5,3,0,1,1282.82087974024
21.900738243081538,51.32205585422635,5.800454507720268,37.99118292141942,1,11,0,0,878.0284401603418
25.0949811775072,53.0097472678899,0.3595361518021256,16.941174121140367,1,6,0,0,812.6330236339893
26.66316174903394,75.64945171974455,19.108834660910684,47.60312233195014,2,4,0,0,638.5166759438888
26.584725711782156,20.257461088342296,15.593577121600227,36.89638844994001,1,9,0,0,602.742036573677
-1.3517558780523853,69.56714699678726,19.057565612523998,29.871462128671,0,5,0,0,1250.6830683640462
14.776812188103259,48.43944083530859,0.9734504171916403,44.04475802723763,2,4,0,0,603.7955296270732
-2.6976495993342287,83.53578650216674,20.927990695766304,2.480295417474138,1,2,0,0,1613.602307542674
16.98115529294942,27.439251185850573,15.488155000907582,12.853134609460437,0,6,0,0,1002.0069113758432
12.66122005493508,67.05618135587125,14.084883767816002,23.251816711045496,4,10,0,0,1114.626123473096
30.50816731033199,58.4778311908899,15.61535120286329,11.34892697357605,1,2,0,0,909.3105865564941
9.036600502083147,71.38604207241819,21.6108311717091,37.195259365107596,0,12,0,0,1171.502117824736
-0.31731934289576547,25.18828755863747,14.673412663972677,45.96040155268626,3,7,0,0,792.1624875072778
0.7196672821134342,66.3987029942505,14.523759497204484,21.18850599654617,5,3,0,1,1137.093835160663
25.46042526869889,64.91876703676189,24.766978926644146,17.10663000559475,3,9,0,0,915.3707690107359
19.728722532650444,64.85280755329367,18.9182541767142,48.07753660687831,0,11,0,0,974.3446470490819
-0.9550929550883902,68.27901332771638,11.057345136278382,22.242621641377042,2,5,0,0,1021.5259017453748
-1.6357277554001026,74.11743497810897,17.684925000823192,24.45242002246416,6,8,0,1,1223.0324719996875
23.038765258364798,84.39911997446158,9.730761792294713,17.582493617095267,6,11,0,1,1307.564440519264
-2.089479745432259,41.585657610257144,5.721886562087475,45.477423650606916,6,6,0,1,807.2740999335434
27.87440237161425,86.00395281440497,14.921296922193985,28.447774164092536,2,12,0,0,1066.1100601806438
23.24968908625985,59.86045458107629,23.204552452848787,38.10872935908223,1,10,0,0,1043.2452533394028
-1.7460487743240094,26.164662330746495,23.22848800038657,40.590335917544316,6,8,0,1,858.2812995866908
-1.6064914365923233,24.684074339518336,8.547631952637257,17.09245209586291,3,11,0,0,1400.0323043320698
34.465583140047016,46.73906549568486,13.191936655542374,21.684716566019002,2,12,0,0,1003.6671045345457
9.970831830244812,82.7917581689174,5.29089746424653,42.423588720313234,2,3,0,0,988.595252531266
9.825685882675636,76.61447477927327,24.890777737472085,18.16276758379051,6,3,0,1,949.3512329968448
27.5119826903001,83.08919717379251,24.527947696698394,39.696756672592564,3,5,0,0,744.4559882603446
32.88994309535435,61.38152451532875,16.237723242686183,47.04961612872186,4,11,0,0,976.899739097382
34.44004255291483,55.21591983643924,20.110351491936836,31.16051865340035,2,10,0,0,739.0421120851867
25.135127410357665,31.796202136502714,17.8775040320925,37.08136437259444,6,3,0,1,735.5284014230319
10.050383421236631,46.25542028874492,14.828955475986705,40.254865602056746,5,8,0,1,1018.5270102595704
-1.6599713320532494,54.72154929391002,1.3336999247224424,42.25198244483212,0,10,0,0,1230.5618457886947
26.08587663709747,27.08803437436938,11.369108563816527,19.752666892839798,1,12,0,0,959.0869977643716
17.3361699894322,37.6489562168969,16.869657554185263,2.5631729587999086,2,8,0,0,1129.827481250663
11.968880369879052,67.8580235250991,16.938290347092117,20.093813561836978,5,2,0,1,943.8040980627778
31.25417540378944,78.85304913913518,9.32806546055959,33.68781148920449,5,12,0,1,798.3582150154813
-0.5521007077539464,99.86780091143598,23.542299666450763,22.51751928903964,2,4,0,0,1443.167281234034
14.705004171634366,94.64906650748462,4.183925805919525,37.448157543019924,4,10,0,0,1050.3370570062823
-4.545854209303237,71.40521596281532,12.508986155389016,17.849121473433193,0,1,0,0,1160.163549224489
13.74642567976505,53.69984426352576,17.27209941377057,31.737207055201477,1,4,0,0,1029.5765306621504
-2.747868972726506,70.89418917665861,17.42839514729523,9.320990242698729,2,12,0,0,1536.1048947438521
-0.24728334927712314,82.85212944641856,16.21597391922039,37.46847183224784,1,11,0,0,1494.3309423366252
-0.29895012891580475,29.466895273870986,6.882205336296504,27.284798440651294,3,4,0,0,823.2969349765812
20.968412084642544,52.79239117570306,3.905164217165549,10.20321942733003,5,10,0,1,1118.1776690724669
24.841795170616933,87.18418285084938,15.898508170667771,14.595558674890363,5,9,0,1,1098.3769817731209
18.334750603886384,50.70663615464352,14.982552903485944,37.43043542909162,2,3,1,0,656.3042935113181
33.486901938981674,65.74978169817493,4.483900257231024,24.130061783076034,2,2,0,0,620.9131162018436
9.994823180948163,67.02154886897586,17.628478639264085,10.80157201965361,3,9,0,0,1181.472628195502
6.428483451274429,34.75810025069115,11.37929979334141,48.36355951851488,4,9,0,0,867.6826252972065
29.743965127578413,48.97883533218307,16.694014790078825,35.75625099084439,2,1,0,0,520.5262759737453
3.9438335407781056,46.76090309935457,20.934176994253768,47.85674162698981,5,6,0,1,804.7501859005318
33.52890157762445,22.09573668256518,4.243210714423079,21.35525226801716,1,10,0,0,759.9898405961108
-4.513821012407346,21.935341111308418,0.47862169992091697,23.755017034586025,0,8,0,0,1124.3522839260615
33.79515306830556,86.53576349406188,19.477564659894668,44.89776080925096,6,3,0,1,379.388726418445
-3.2736035219769555,41.845664797824995,15.242435628815398,26.252467012269232,1,11,0,0,1256.3276895222953
30.645724547922843,61.44630129910524,17.49098924055304,35.36394559528336,4,9,0,0,747.3114263520024
16.108044363451995,43.898045887101844,20.953874374716065,12.608643874776499,0,2,0,0,901.2560123605609
34.718591844772014,95.25433960922724,20.07027337061251,22.336323435132027,1,6,0,0,1192.882368564788
-2.0481374105840455,40.7437407092619,24.023003673220618,6.172493290517755,1,1,0,0,1376.2723808046421
17.15417137605283,54.37254501911481,13.398376971302955,10.299001793848085,3,7,0,0,1217.027810893763
33.77210142476396,89.81842003876815,12.212390816497635,0.04717076338155435,6,3,0,1,1001.0649038944149
15.923913766805953,87.3546853433447,10.047179997268252,1.9632525824330116,4,7,0,0,1438.3537779450542
20.1759455254105,34.88811342770219,3.8422760711051134,48.86419115884647,5,4,0,1,441.3440793320719
22.829947559384685,84.21146478365684,14.31518082205056,12.117684756838115,3,9,0,0,1272.3902299112472
13.18164259071093,56.65495093903141,6.92531310814947,33.165535475200095,0,5,0,0,921.7572955424491
20.102323203362538,58.637509766828416,23.032687805324386,41.95498493998058,6,3,0,1,398.98181753946017
18.37257247692401,30.6783977932755,14.57977010692744,27.533022961828213,5,8,0,1,734.7199851008407
31.04632041963956,26.44812110056997,14.821004512702753,7.65722500419781,3,6,0,0,775.5854776768591
-3.182144786341685,78.23514455790121,8.873116521925251,36.40582186680832,6,2,0,1,977.6985992333941
6.238527583689213,59.716892188423984,1.2997337994426872,30.012570504979152,4,3,0,0,941.8706161129953
33.01645936306235,54.948056209214364,0.7935941343247155,36.562529467368755,2,8,0,0,685.530185913178
30.61055135563665,78.36065829219174,10.583378603829937,38.48733114285436,2,10,0,0,945.6974746005211
13.226270111428517,81.24103191928879,2.1141344524309464,48.770518384237256,0,7,0,0,964.2578391793495
19.80530391206147,32.71265341354828,15.171173888503478,28.6781640013355,2,10,0,0,984.2888400151669
6.095247319245307,68.8180119582113,22.024325140991436,17.082055634530093,3,6,0,0,1381.9002470205278
2.5248463889504524,30.828326582214842,22.072870412968054,32.42322784501185,0,1,0,0,836.2118400998498
13.547936197599286,80.11000688232366,16.47613525330581,3.4220354621313067,5,9,0,1,1418.5936535831424
9.134089121042113,72.55641250137116,5.280795786823275,44.86986591607931,4,3,0,0,702.9964101417096
18.346244474034883,96.52916968667664,21.574920783971802,5.969050566909839,0,5,0,0,1302.478994535828
-1.8906145214006065,25.516641308513694,22.152335882830204,16.392141894290912,5,7,0,1,1096.1405182396986
33.97579230664666,24.564377692100344,4.916339623823967,40.787269031306046,0,7,0,0,578.2776730268124
34.44842977918412,42.57496597545601,18.435652144266932,29.865618916535592,1,3,0,0,558.0722275860644
22.926468560789807,40.93645469887248,7.162988723178073,19.681776013872103,1,4,0,0,664.8480542748587
16.443854653764816,39.75830392575999,20.06600780882324,23.67178296875107,0,10,0,0,1115.0062662300193
7.38110465145311,92.50036644168293,24.93094749759007,42.72736966010902,6,7,0,1,1175.351795340824
27.551800788277948,39.96369598796049,0.7506501332348203,17.00021930299461,2,8,0,0,849.0741831981935
22.389246902155172,41.75597809029048,22.434146644773296,43.482484240608564,1,2,0,0,612.0102307148661
1.504677573795652,80.75186099343709,15.565763339966452,4.406721548834574,6,9,1,1,1088.6827141735914
31.4370873797537,55.9791873960432,24.334565479120528,38.83992186043154,6,7,0,1,308.67730369460634
27.90148971692676,82.1368445564145,11.62523793816069,42.377381652736815,4,8,0,0,713.7716127473723
32.99199653167696,25.229292605150818,21.184698264284343,9.090882641866937,5,6,0,1,677.6310552229987
24.0287803355344,59.005695493870746,1.5598517149569306,21.51732661861002,3,6,0,0,1055.759586641006
19.536607837431596,22.68908801466261,8.381976251957393,8.27498873318278,1,9,0,0,911.7676187956505
11.729721451624755,25.01225627642836,1.6754134437802493,35.330206449710886,0,4,1,0,433.7964811694285
32.309139334160534,92.51499626755287,24.383578336976765,26.767388403082837,2,11,0,0,1097.8918030409563
29.642555580016335,31.139629689407613,20.42434768179592,31.76616733541605,3,11,0,0,715.0149572583208
-3.1912531957524237,62.593654582017365,21.31368553114926,9.824348347810558,5,5,0,1,1300.3018815008838
-3.94532102010992,52.887648208056525,23.449130785847355,10.587293102620976,6,9,0,1,1392.4959031442875
10.058534675121983,47.78746610070741,2.127587152994634,2.074866275495318,5,1,0,1,1133.0446710796452
27.422133231273314,91.9866676549818,9.639939812833335,16.103376759786485,1,4,0,0,1138.4608807074233
34.49104517259778,21.74587174203916,1.775872226100053,27.987233066683746,5,7,1,1,227.3900271358533
1.0166756441411273,73.10317489404713,5.269827538750715,42.89674569986644,5,11,0,1,1327.2859652789202
18.765228614085405,97.07155473708403,5.734144425941809,33.346372372934034,2,9,0,0,1202.7867450034798
10.235634265240861,64.81345467694736,11.727680276189467,21.76981616998757,6,11,0,1,1321.6793717124763
33.79657591258413,94.94579696264735,6.714054186341064,47.65600571970689,2,12,0,0,778.5937400452252
28.684756925428346,24.1806303428819,2.5244526704440275,35.96226002879159,2,10,0,0,570.6903975111506
28.533148188445516,53.50346552593291,4.187277227352693,46.5082601431275,0,6,0,0,496.3738286768154
13.74772639179881,40.81262327696409,3.681889088802273,26.379398663608285,5,12,0,1,992.74478713521
11.592780093506608,78.46567719845838,24.326919947807458,12.94521373965698,5,8,0,1,1283.6297107978642
5.936282877228249,98.50376723977973,18.98231267296184,2.6413343182360993,5,9,0,1,1617.4436060637372
-2.7449801339629154,40.52240499553982,24.19403663173905,36.30424257419252,4,10,0,0,1426.4428613168864
29.58889505020213,72.33396811792596,10.993512162697714,6.065149900276706,2,4,0,0,1071.299753084131
27.516040365203104,35.847810620779214,6.959212041566415,15.138756413598358,3,1,1,0,407.55013762303315
34.98870693144522,65.22642036572879,19.957329930229665,26.62354539419487,1,8,0,0,814.653265869894
34.86547348295622,57.114598935066894,8.15634795102867,28.220829388987383,6,2,0,1,607.1895133546952
17.217268224105098,97.76042637052296,7.484584342633707,30.0291598493568,3,11,0,0,1353.40866294315
25.75949660722042,68.68218181571733,5.81264980519578,8.312766517485032,6,1,0,1,964.6943107482276
32.79062919529712,47.960509766945506,3.2419744556058836,18.98687024108244,0,7,0,0,726.290031040923
28.985895627096458,29.12766279103467,6.411576525419149,30.859711355848336,0,12,0,0,703.9097651834508
4.893924069727906,32.09974629879476,8.882993711847192,48.490943231689236,6,10,0,1,750.241955418915
13.021765412403742,38.025354396098805,16.84985520364326,36.381556884984434,5,9,0,1,794.4857832382665
0.16637660605979931,40.07733290722384,1.5641210554862894,46.130187854697894,3,11,0,0,963.3890780321665
33.16204109034889,88.04928462729103,5.262673491633574,38.11060291570885,5,12,0,1,861.7544307782424
19.246985378035202,64.89782306260199,20.22559100729191,29.585848444620023,4,12,0,0,1171.61575655203
4.145712220138509,61.87127290994931,3.673048089594269,9.601168456817227,0,9,0,0,1562.3828899007915
21.86802737623427,29.181509749537398,8.566128663063038,33.334282594625655,0,3,0,0,415.6503194260416
19.725129618315833,88.8111754679548,21.616473046453503,31.168978297995352,3,6,0,0,965.3093405317479
9.326508721313619,77.8251442566787,3.8731327785860663,30.123458522863324,0,7,0,0,1246.2978182453007
-0.4576963120148392,25.413468952000127,2.0684208904547474,24.489293399412038,4,10,1,0,1011.524009098169
21.862927823711985,76.62680777838149,12.11344987700027,26.43283019946378,4,9,0,0,1089.5689649343844
15.812308036151732,63.483057387411684,7.56048778196341,16.722126355905203,4,2,0,0,1114.5157623906694
25.892735669425573,26.538027659742262,14.085209112096353,25.965634632115158,1,8,0,0,651.817754892753
15.806540044479735,56.664051322292515,20.09512226208688,9.877795283923913,4,7,0,0,1124.7615083637988
29.087260012741606,58.775702970403756,3.428712203818579,40.25871986801884,4,4,0,0,497.1886559439823
17.076273550979423,33.26196321306206,14.517477113857124,9.288847734935391,1,2,0,0,705.0213852896436
17.43751886141545,95.65585176002259,12.637719009746599,4.248314494473321,5,8,1,1,1152.7905222952677
30.0661441063338,87.99802971845295,3.6019696503299894,21.81230131785787,2,11,0,0,1055.7936544157103
11.139314648495882,73.52178698632866,15.59996213822456,32.915371975303096,0,5,0,0,979.2753388784453
0.3606091380256293,56.98364488004857,6.841010446519292,21.885841246677067,4,6,0,0,1162.990183124396
-3.848692947466441,52.941243326760684,12.195857963600313,13.83770659756543,0,11,0,0,1536.6765915555072
25.20549022694476,72.07787737207633,2.056808106926547,27.908559194522038,3,7,0,0,837.481106268967
19.812382054138588,63.634549552552436,11.489601430340576,17.350116770609997,0,10,0,0,1192.6218048660883
23.163190723968942,24.98184847055085,7.661586701070508,46.64338450633166,6,1,0,1,302.26872656553104
3.5185664603564293,61.000211901626535,20.559530279633858,46.1322569801786,5,8,0,1,942.5612893102682
0.45485902347079055,84.51228937862716,1.424468174934207,25.118590998604773,1,4,0,0,1251.154823928952
-4.418213373284723,56.73919020775664,10.465181872958249,16.394199700912925,0,9,0,0,1495.5066184066907
9.023502352263879,24.156526204341475,11.46078560328595,36.85662069783196,0,1,0,0,666.9004879525747
18.596707474185322,82.90225595072265,18.125151907477967,1.835647174153332,0,11,0,0,1616.4704352497288
10.689761803989292,36.10910257087795,14.357189377255274,23.738450302182564,2,2,0,0,903.355515283256
12.498996880949163,40.6896667910431,16.680308429854527,16.816169713516675,2,6,0,0,1170.7209004929512
31.166347779749938,33.17650827458367,19.4262321412939,46.02679425512773,3,11,0,0,668.0229466438811
8.930218680932015,46.4172051897198,21.55507434145472,0.6001513636341271,1,10,0,0,1303.399566768548
15.559579566392433,80.5401204550908,7.846887418061763,27.640743785917454,0,11,0,0,1182.7667581759517
26.346120509645722,61.550868760314984,13.450567634097574,37.0331790533313,0,1,0,0,594.3221385875055
10.861711292850806,36.390501932057006,21.002701960979998,24.250899376202064,0,4,0,0,1025.3676814870555
19.88346800911494,90.22640625216327,24.736278274126413,4.270151508136083,0,8,0,0,1592.4323523348417
29.494548349869806,90.36654839612234,22.23798277609408,48.62306950139511,2,10,0,0,819.2450741820808
32.98082494630569,89.64627400368056,9.28668156560942,25.900521568804898,5,5,0,1,768.612753095655
0.8829392371615175,39.10369691052314,4.8791629304662605,30.70931221595057,5,9,0,1,1134.9307278654583
32.06350500645978,56.099147534479044,12.234813435164718,11.830489135375366,3,11,1,0,829.9251472614851
14.684651723181528,98.79917249127001,18.541036295901055,24.17490425534019,6,11,0,1,1463.4687944322734
5.329775531958334,81.76099810479923,12.31422676883244,21.457474597916093,4,6,1,0,984.1333675818742
13.365430249530451,22.173393698044784,12.079521582841712,3.744792100099187,1,1,0,0,994.898628458658
34.201303011419085,25.216367300839366,20.955760527045015,5.308017677373361,5,6,0,1,748.7149610568808
14.704723759714785,57.114510144986625,9.035094476679658,41.873625980938726,6,6,0,1,859.5394933045563
8.150064411500328,92.73761646892481,21.49486687029114,11.990997610329512,0,6,1,0,1250.722008691706
20.33603417266903,63.09614383621714,10.170120023793089,9.747913574931527,5,8,0,1,1162.4534327299043
4.605824751127723,59.82500064274322,8.205827641958486,25.24557256250696,3,6,0,0,1149.0796369816917
-1.9654668756534432,28.437895996530447,11.349747779992475,38.437356568125644,4,5,0,0,879.8582859699237
0.155188876425969,72.54240837794353,19.06117396687171,3.097325928949396,5,11,0,1,1502.8129962716273
0.1218335583108976,85.76825284801804,3.150050696599857,28.840395981912792,3,2,0,0,1060.7696837019562
1.076107740491774,50.43360060060499,4.910480396800435,5.960522142028668,2,4,0,0,1262.1062471174773
0.5530869059764054,82.0489480740262,23.7861206415773,1.8230525412809229,4,10,0,0,1762.4389903565368
20.634989792128586,97.15813231206494,4.387290684533935,2.6371976081108697,3,5,0,0,1287.8552103579295
2.275203375965793,36.30131673021513,14.193182948276364,41.70820541042207,6,10,0,1,978.4794548012763
8.826691332954528,61.866370495579304,14.482861666548446,5.898624181403078,5,4,0,1,1290.3988657412788
30.871536396240472,42.971036646766045,12.24061155125612,2.2575682206145977,2,2,0,0,761.9390233540198
13.958465610514894,83.42835352270714,16.118631214420464,21.894994357145613,6,7,0,1,1365.0817521177278
21.702309540841085,66.2074692704926,5.745668144940461,42.19967359710124,3,10,0,0,970.5216034577724
1.8927948480651935,70.7665934040243,13.816556694418706,13.120418824465096,3,10,0,0,1502.1773971858065
2.691560752346831,83.83313276927153,9.304331381172428,21.08563087629582,6,2,1,1,924.5843971379846
-3.3652553493408455,51.677637812996394,16.541681490729726,1.9961266281875611,5,1,0,1,1151.1761203269937
1.757402522886582,93.20720547256346,3.5305885843287363,22.453925706743792,4,5,0,0,1369.6252131320277
6.143613561278345,62.6423093796912,14.271935420986907,28.880654031856682,2,12,0,0,1104.6350606788342
2.0804193710698726,32.63638582682784,4.631758884583093,28.545352687607238,0,1,0,0,1011.3622469880409
-1.4518986497177755,75.67192945350419,6.96607657787591,16.621334608718257,1,1,0,0,996.19585408013
-0.17456515597596756,83.46090803506036,5.46774500808958,15.776659033156776,4,1,0,0,1307.2670145363375
13.43115072130903,45.34093416540213,4.570944496720427,5.331180946829894,2,6,0,0,1046.6685894001803
3.2533487362317004,88.57434055990024,20.642773789016676,18.33991603231342,6,9,0,1,1351.8399938185607
9.570794441923018,92.4914603812613,7.142689191522258,4.9747334436482324,3,10,0,0,1526.2182359317687
15.136690834194276,42.15235899022471,23.178094546611234,38.329797235602584,6,11,0,1,1069.3322619216003
22.615793145174614,98.68171781721776,24.24816313362977,48.31371488740929,2,12,0,0,969.2057987546024
-3.4275144063560425,31.256922243900675,14.281511748427434,48.503722833335345,6,1,0,1,772.6490769577576
26.976415956361706,36.1612534721992,3.57502806664316,43.25355496876969,6,5,0,1,516.814717387894
20.11601557963631,34.73798713904209,9.363706084489532,30.039607466980954,1,9,0,0,626.4382194755256
-1.7296387220451237,91.51917680062964,19.94330658370535,35.043284862194,5,9,0,1,1281.4589527031521
29.943144964271088,72.34340418599695,9.184768217426761,14.260290134020703,1,1,1,0,766.782390843135
31.834896021272527,32.16834265778183,2.1754304575697185,31.538521008631033,0,8,1,0,280.806578726705
-2.55688160580545,55.22587346946792,13.919622773204699,22.78247747199387,0,1,0,0,1264.3246659253557
6.075105925888149,69.22384200558416,21.12802128740087,24.100866988846626,1,8,0,0,1294.4533356858256
27.248051191722453,26.677126799150663,19.89815967858756,37.8888280187579,4,1,0,0,409.4631723327444
24.930387615346334,90.5933094725871,4.3780785032588305,14.095917779862582,4,12,0,0,1313.7568736125954
2.380840774255093,84.28828283532282,16.819115360311667,15.901980584725994,6,5,0,1,1344.6044105892968
3.373972933468412,60.41654188613106,5.512606585891177,46.23208955643183,6,8,0,1,844.6136145666688
9.81888411165528,97.37012922073363,5.4551883638043055,2.8112147425486125,3,6,1,0,1276.3236604157073
14.380919407640853,53.420878342007974,21.85179433262963,24.28171492066702,0,9,0,0,1159.3368814520372
19.730190861211838,98.72882552291982,6.241723818505754,45.64004002039309,3,1,0,0,801.462896072503
9.756545582790896,73.43359990429016,6.58118366295028,30.51815039090785,0,9,0,0,1233.723235450856
13.501388645325916,70.77370186031531,0.01633476903248887,27.320353710606604,1,1,0,0,836.3081076387983
24.89883752535026,33.2763916236628,21.76672585313794,12.487208961467761,4,10,0,0,1074.7906783079884
-3.532671884376084,90.55422066437151,19.814870330228366,17.163774453222413,6,10,0,1,1586.400745264569
5.09747777376083,54.19917503364921,15.68322337726695,42.602420790234646,4,3,0,0,731.8059422466288
23.533983435382098,32.97867246259835,18.756644098471057,27.960906588422908,1,1,0,0,546.6506813982753
30.808273507487975,21.00860159806072,3.801214185612295,25.737109687838995,3,3,0,0,393.5997848399582
15.467097684626644,64.7804546910706,11.458089864689386,4.978985677001447,3,12,0,0,1334.184321848249
16.284539410612627,62.19196976981411,8.780484683719521,0.8014078227561561,2,11,0,0,1358.5906357846152
-0.7131195464089579,77.54828978953269,2.3444131564254125,48.184259434352455,6,2,0,1,942.631667782302
12.896494672938186,91.22064424142417,12.153262130373102,18.849308364342082,6,2,1,1,795.7900167743678
16.304690658200926,26.352526771442363,23.018491258565884,30.160653104975214,6,9,0,1,824.1285139773714
4.6988201453891865,78.51971922722899,1.001477976267362,3.9857536593642493,0,8,0,0,1530.377970099291
5.7697292379752385,34.99295552780658,7.286522837344847,34.155714286152325,3,1,0,0,713.5295014519018
10.091366524184906,88.65416425257311,5.188523405142586,46.62833543529805,1,12,0,0,1161.5125027906672
-4.197152088890945,85.52508110893248,5.953666341642408,28.783262649870984,3,4,0,0,1421.1423153924927
7.883166623327131,63.26350039884355,22.71086379698438,6.305766118770528,4,1,0,0,1225.414699744683
3.457920279861786,76.81942388986492,11.701726355857254,29.086076373673837,0,1,0,0,1149.6537903664794
8.099894087116585,45.14800905469987,11.65748532349547,38.31736065523262,6,12,0,1,1131.6326524521935
-0.20951472722995135,57.69343191462517,19.014391061382057,20.320826828700934,5,12,0,1,1429.9240997351376
30.621091229595798,85.73095181683773,3.862305100123145,43.99188739707339,2,4,0,0,465.0752401812318
18.743698142161946,56.741215773857114,12.18163385250127,32.434147667868224,0,2,0,0,789.632169374742
22.164092765779586,48.623861226035345,10.749630353026493,44.962445914460126,4,3,0,0,510.7215730375771
26.566849544293532,59.53699578002399,14.922767263666403,31.17526556236686,6,11,0,1,1028.3053756397974
14.937687957162291,86.25994019497747,24.988942581260964,6.564398600241211,4,9,0,0,1501.4952215389806
-1.5231884765030523,46.81664378966982,19.236222352051175,15.484585555259455,4,2,0,0,1140.8138055001482
16.484261672741912,33.900927450859506,9.94664257543568,10.089747412622845,6,4,0,1,917.8877161319309
18.473644720835164,76.96112162646246,20.688826306851173,45.441324885843116,4,1,0,0,733.7444313717666
24.8175789673732,86.07825701664655,4.267709082812004,38.02000336437413,1,2,0,0,574.6672537225365
12.266381849187177,28.050998281882666,0.7615921577240031,33.8199184455003,2,5,0,0,855.889341657322
0.10321211182255041,39.189929020475574,5.111209311606826,15.048315981581084,5,10,0,1,1213.5867308257345
6.351036231948979,31.357759180879512,8.510288902856491,9.202238602510675,4,1,0,0,1158.58327348317
9.523291855945404,47.83531292657333,12.764518936488997,37.82255439944559,4,11,0,0,1061.1876022578267
20.83668965326405,56.02807831243301,15.378228513529995,23.707897293953984,3,7,0,0,1115.1968792342716
17.831132186756477,79.90610695706452,22.765142930360543,11.289477607531456,2,4,0,0,1227.1888767599635
9.24386903591385,72.09180679053392,12.746350238761442,30.831098908263755,0,6,0,0,1216.3950467384402
34.460609951719185,69.67428539827449,12.531891115643234,2.0166926069225988,2,8,0,0,1027.1771848293622
19.230992774275485,48.18999572877235,1.2560752455745532,16.308512706412674,2,6,0,0,1007.2127285114013
4.489071669439779,87.3158042467808,0.8727888164055952,23.427849729556733,6,2,0,1,924.0865481283444
-0.9287010951838504,57.70297339185316,13.778999047909302,7.397916705470292,6,1,0,1,1173.3205241406351
1.114365567373281,98.32839504121236,10.954465331208613,49.23272387954198,6,8,0,1,996.0550293693543
4.838309135380325,70.73137106365894,20.979509874507464,10.454868229480713,5,8,0,1,1244.1948416564876
1.4272549303822268,30.101179325160217,4.0169896177961295,6.517656502163277,2,9,0,0,1252.8740603095648
2.4626809620522305,74.09420496603472,0.62429155292624,10.17674369434482,5,6,0,1,1379.0540501559256
6.403806747753884,46.00832123453592,11.225969198253146,38.45305665798621,4,12,0,0,1117.1698632973864
1.934943811790193,74.9061757348878,5.936963918806438,21.27528296359214,6,1,0,1,1077.770520634662
30.870616985057005,25.57129185299246,1.2403593334709362,28.270796987626902,4,9,0,0,637.1111808570042
-1.7906501735343117,33.99051497407675,18.114957171190724,1.0504578493180372,6,12,0,1,1590.6097132112984
15.980455582810187,88.4589807124629,2.789824998931187,1.7215654286657278,1,3,0,0,1281.3562613136828
11.415873079586461,38.17436456188119,15.207987500194292,22.291277491350808,5,11,0,1,1082.020634577627
34.29514467634426,86.9632900194352,7.026243754172229,40.832762160081174,5,6,0,1,549.088826576736
-0.5184439132779062,42.34208707635283,4.33740125887555,44.26194393537826,0,10,0,0,1200.483386611526
10.914223961829666,71.43055280469662,9.493788072982937,4.335328379782011,3,10,0,0,1591.5126256244744
33.77881733101476,75.53204588078648,20.036144405573843,26.918155105051138,2,11,0,0,968.179811892457
29.62028503575921,61.012380251604235,9.802339422614317,45.66148431396353,0,12,0,0,725.3179584591783
27.682882837971196,44.4248541357385,18.769241230276393,19.398637719894317,5,9,0,1,658.8354999990287
5.316113081797593,37.01155010968769,3.137157419978767,41.47829157141843,0,11,0,0,939.9478103836767
1.8355034956026328,22.655148364994098,19.319285491626978,6.68478271997181,1,3,0,0,930.824927021891
21.74572879697724,44.31571209925791,5.923333122666216,46.769724483389936,3,5,0,0,498.4777979442646
32.17503956510343,72.25302324250264,16.93482824722182,37.57116587656513,5,5,0,1,622.4945302042807
17.270515720557192,95.06438547587861,14.144538871024908,47.06671963934508,5,10,0,1,968.8460778597318
17.864507578795994,89.69635858104417,23.228617930292184,33.83086167762532,2,7,0,0,1330.9894967530852
6.199163746411367,81.28518212282421,9.683062949382851,18.17019659997135,6,4,0,1,1133.996942836964
25.779717327677474,83.0757874602639,1.654129720861011,46.909058626236124,3,11,0,0,847.9876764700737
2.481749942300935,73.19879227807962,0.4788871387813226,13.778338815458923,1,4,0,0,1418.2190583317376
7.947169456169747,40.82294860528024,20.671464024318826,16.60862610308663,4,7,0,0,977.470239377071
12.017457544656672,92.57560245646638,13.118390941535804,35.040420900087014,0,9,0,0,1080.2719997367344
15.3044151473782,73.65858495246673,19.38110129587373,38.26581497626931,2,11,0,0,1191.2148865062616
4.6963892966032095,64.8352504784352,5.860640000287868,46.47017419245769,5,4,0,1,801.2075307221896
-0.40652701043185857,28.879157537078484,8.627093637830843,10.240120452810475,4,4,0,0,1168.0970721496815
19.424801697665302,55.764443504514034,0.7525968052829735,39.8999017609612,1,6,0,0,676.2412522751123
6.545222129610231,56.8286616961541,24.037308114352804,36.927302669848174,3,6,0,0,1068.743583425105
18.24952885690449,89.16508876181359,16.696697667520336,3.1897278126798936,0,7,0,0,1302.776302699099
1.1745086109680924,63.731857615023074,23.330127193982655,19.361157060510347,2,1,0,0,1191.3646755631792
14.245604074192698,50.43204391763277,6.637410185726808,14.13827285300493,5,11,0,1,1024.519894131354
16.303577302063434,98.14402628085274,15.286590280641521,15.22452121770152,5,3,0,1,1096.2547415193246
-2.9270585271029237,28.857647466105256,16.962499207315947,49.14734397773504,4,9,0,0,1203.1325679239362
8.464171127756824,53.80387426495557,7.938742506439711,32.138870673996394,4,6,0,0,974.0520037075885
0.3765870775589697,23.361974013712423,21.202730875390753,35.883807889674976,0,6,0,0,961.5526279400315
-2.4650011810892902,79.19232966135442,23.679036572506195,48.830881865750456,3,5,0,0,1121.733620763711
34.59840929559781,93.44612417593206,22.12137794240011,18.860089122881934,1,11,0,0,1151.3494869361223
7.894153798988919,42.40298636403915,18.476674398484313,40.0920084226403,6,3,0,1,766.4510873743529
27.394977834185394,88.66733414392966,6.936616993123851,21.72654816522477,3,11,0,0,1184.7435306085197
5.185626190550554,43.37745843695182,7.040401052640793,43.47668359074899,3,5,0,0,896.3484497015431
22.26010888895717,92.86161293151322,24.08400801115095,9.03287706556516,3,1,0,0,1100.1623382499736
25.409114395587462,80.31695228774271,0.2571123983923007,47.38430885321398,6,3,0,1,547.1481540202501
18.825549624313773,84.39254214731508,17.901249331053613,10.938585420543983,0,4,0,0,1164.6005679097811
13.863047542006335,21.44052444803636,17.656154063881555,16.311025349046577,6,5,0,1,640.2230931046722
11.473636565890741,97.02482856592208,15.567238523744937,37.80961170533902,0,10,0,0,1529.119455320536
8.954730661719811,78.13367936562587,24.752721152171645,19.687757078270334,6,9,0,1,1351.7925833786937
32.18116576991304,44.380087630890664,7.7969858940931305,30.410568838322334,1,4,0,0,472.7393144822657
28.224776311509167,86.35157318870776,8.499296594831204,22.228675053471424,3,3,0,0,916.1041043641894
33.601076426660505,42.521695873194396,1.9734850736638887,37.118496854489095,0,10,0,0,506.7402623104807
-0.02811106057821089,89.82030716529023,11.069953413593437,11.416562618430543,6,1,0,1,1238.0773274617352
24.23469900814577,29.00643123295496,6.526213155871202,2.92289936184385,1,10,0,0,917.1362496233126
32.533618272841515,76.29487819686366,8.584667554441106,14.996469873653313,6,6,0,1,835.556268700002
2.249322646626406,63.25587813159282,20.86429475639069,23.715433243421515,5,7,0,1,1038.9782854241287
-2.3401493053289,27.722757615635267,23.38711283818739,8.40100260963393,1,10,0,0,1475.3225166694317
24.644825971602362,39.35150626070712,4.643326800129641,17.739864482819435,3,8,0,0,967.1952585928482
17.978924527196476,20.992322902185183,9.312723288836647,19.999150914678427,2,12,0,0,931.2136240755052
28.67315107033088,57.50143723716047,23.21576405288485,2.869592184413677,3,1,0,0,921.2349468123782
0.5908950650515798,44.10122086080003,1.5452115172305658,29.16536240921023,2,12,0,0,1195.0830420683442
26.81069247439561,67.86859874382071,2.3090132027844628,44.217171398564375,1,4,0,0,670.8020154500854
3.065092801909781,43.77902461668938,4.069774730155734,7.587145647652621,5,11,0,1,1266.3250191823395
1.5462377146281803,43.993528920558774,14.880320853171868,29.8904006700757,5,5,0,1,1056.52772639365
1.5706319172397176,79.45545589852827,3.7618067751499367,33.23696024554231,0,2,0,0,927.7126297954234
27.582988809255284,23.851426878268278,24.20190953626834,20.966734020964417,5,1,1,1,173.75118960541596
21.607888827848004,92.23159961535897,11.167863181463009,35.0548793682135,4,8,0,0,937.9449662112112
15.922616990764773,88.18110995129452,12.53794900875416,20.5365771745506,1,6,0,0,1222.1117970075031
9.353219364940099,73.42437465811253,6.1664653951351625,25.231864398871746,0,5,1,0,992.3468395621728
30.08802163252433,67.45772560859075,11.774006310868337,0.367652227721349,5,9,1,1,903.9035305778806
10.697804296905415,91.38419985117218,16.547840815925287,34.58600570673444,1,11,0,0,1262.7919065277156
27.663977578863083,34.82641436229716,18.77942842385107,33.06713394723622,3,11,0,0,516.5512189096873
12.565396342808736,26.31753297526629,18.846702067747824,1.9200438663172281,5,2,0,1,925.4699146822801
10.077777176996303,39.16081359276305,14.447277817352209,18.412505369756655,6,10,1,1,968.2118206777157
13.507191426784257,83.56626229601522,22.608994374846432,48.95159203958337,2,12,0,0,1398.976395595496
7.055114966565683,22.773621338118666,20.435196182652735,21.03682812843084,1,8,0,0,1036.1039712020388
24.904375207050045,66.62454680667918,18.926202867465637,25.097270256592086,0,11,0,0,1009.905258003247
15.108815603699167,99.63500129530479,1.3901380420115155,45.49650790798593,3,10,0,0,1151.3834475540157
4.288507805872692,88.45568750700315,0.17194905549123285,35.86309379328782,4,9,0,0,1264.047936302885
30.98298293098274,61.71565512348715,5.311181929886824,29.10350655621118,3,1,0,0,720.9581706766774
10.355648854928457,25.091272742931388,16.588089847836308,39.890234067053626,5,7,0,1,633.5766040910527
16.742114444559544,86.50988115085678,10.279937222063646,43.218313322798664,2,8,0,0,984.9096584029284
31.258884438581877,67.91828065417684,10.060156482482792,22.844403586863343,3,3,0,0,840.0057212157228
19.969519836559684,29.19463976476535,22.114672205740344,23.75541824659177,4,4,0,0,803.941994484183
-0.3240783716654372,27.508582785868498,22.38907120329597,19.30254678259179,6,3,0,1,1100.277531260801
32.59328494453901,92.7701455549274,22.729381601339643,48.33530700092303,0,7,0,0,703.4005416570344
20.108322122856713,73.53602103504628,7.846951912875682,34.85831271451752,1,9,0,0,1129.4945002498273
8.396224586283445,86.34294394534044,17.276395318481544,4.1611533104036145,2,3,0,0,1222.3285711376818
0.5708829065354903,90.31831202258138,6.790829531859241,43.147981165650926,4,6,0,0,1042.7496327748436
26.761007570811838,65.74178816386578,4.7652458268612445,24.027997041813403,5,8,0,1,964.4483401386652
19.80291023714054,61.3957081404033,4.615811433684231,3.437695321124373,5,6,0,1,1065.524514347508
16.33844367905286,54.43419282567922,8.55269052158985,27.485862758165553,5,2,0,1,821.4226489921269
30.755703322038308,45.355727023289546,10.748940494495542,20.858213948785103,2,7,0,0,798.3059225979282
26.543888448981228,54.76767686869694,20.77372927637671,43.88747024313125,3,2,0,0,537.6487228771372
1.066995189310047,81.91037245841251,2.9972773368178025,10.199730180469368,2,2,0,0,1224.7421014089311
7.468882711821929,68.15387448121052,18.373146184872354,41.32323047460915,5,2,0,1,809.5661625206617
4.93956559257863,91.4018631963877,13.286372854732633,27.884434559272638,6,11,0,1,1496.804955841673
24.75785170290708,55.47040115033502,7.198633566899812,2.7305151606734523,4,1,0,0,928.7433751423013
-3.6587026105688247,68.56716629750032,12.320489613320614,48.59226506627423,1,11,0,0,1334.642518783956
17.79558739485266,70.5046042473591,7.4985517444255665,25.630762205159996,1,1,0,0,939.7160876906185
25.49834742962762,67.33577298450604,14.902048880957649,14.543842711579124,2,7,0,0,947.2985224580768
30.070625470469977,76.2107018468413,10.846098071381105,23.470342099462904,5,12,0,1,1062.6959355005617
8.683269948636298,38.9946774699845,4.110138226971968,42.89288917587445,0,5,0,0,762.6428505095926
27.850292186880516,60.98910220366325,2.914576863892418,15.245156219253175,6,11,0,1,944.603478920892
-0.5747305217917109,28.337984224667814,13.667392051803255,9.633819824335015,2,3,0,0,1381.0769837110035
28.858091669380727,50.760906211585,22.560325832152586,6.453562346544073,5,1,0,1,791.2485208992304
0.09954649327929666,59.01336548970115,8.598942163942139,14.892969919510563,3,11,0,0,1427.9916127543743
10.89149162241469,72.17794076363779,18.32500268056558,39.00240435200217,1,10,0,0,1150.5970976240505
26.891814631182143,96.04248420689628,16.466533873494175,23.581318259763083,1,6,0,0,1057.617079351929
0.9966970939509512,68.05208532386847,23.288872857737026,11.374080184676998,6,11,0,1,1656.7562295126816
4.1700558093056594,79.48751329412478,20.524525432478523,8.30924998048746,1,1,0,0,1326.7893384375318
23.89010273572265,60.50128475961622,14.165131472636574,16.636473825518955,0,9,0,0,1296.9202727854217
23.801461461842976,70.72832251010651,16.425762455852684,46.99621864428544,5,2,0,1,389.8357593497349
20.64590531541189,25.674577290701876,22.459661664600873,17.15133562950122,5,1,0,1,618.8549983894511
22.757937778684003,40.35132646734776,9.98796961467337,49.40620379773177,6,12,0,1,570.0159226888522
16.708977733903847,48.948247456411096,8.169867646444434,24.261522788267808,5,7,0,1,828.3482181417462
5.07196235627811,57.799468400521086,0.2702770908799085,8.958195914507543,6,6,0,1,1156.5643512341826
8.827839740156778,23.6518996401907,20.663776854786605,44.55700458967547,5,6,0,1,590.4687419115328
2.2639086720570267,31.201927804265416,20.024517510084124,23.017768656741346,0,5,0,0,1254.9395378917884
31.338022453345133,42.14514462330446,2.6113629525037845,35.48356717522622,4,11,0,0,863.2984733533422
18.335671790644817,97.72261527208406,14.421434528317507,49.185579160457586,2,4,0,0,910.8295280992194
11.034056670545596,46.50776056824406,11.599542454172184,2.5087675159987,2,11,0,0,1347.7041730424567
13.480232145765306,58.5632846489666,2.9677273877277868,4.834727989378357,5,4,0,1,999.8778116622568
32.89133358447261,35.68781701907143,24.51420567651809,36.02283707313781,3,3,0,0,538.0499960977029
1.134056124643208,68.86240568606146,5.367397186583886,14.0912501647736,1,10,0,0,1527.1385744097083
18.44919328067189,42.45465724127794,1.6808545022640287,9.215069847504953,0,8,0,0,1072.2638021658313
15.23554715537864,36.55940627507414,14.87118448754774,1.9680939909864748,3,7,0,0,1228.444553839965
19.458169417385914,61.32581027567832,18.471666928325817,1.0923355993100903,3,9,0,0,1399.883542072203
-4.27559264716638,20.440463932833666,0.8110861511796741,38.72428015598955,5,1,0,1,695.3115771114306
29.884956357766058,20.613122611938024,16.467940968175554,6.7216713684775,0,7,0,0,751.7778446759673
32.28473129934449,37.52550472814862,13.307296898786362,23.386030798557545,2,10,0,0,663.9992732798719
17.60532734356836,22.93770900006569,2.5816252218762106,30.29484075897415,1,4,0,0,697.8866451349603
22.86603295507569,28.64206033045531,4.313096923659051,21.417590028442312,2,7,0,0,1021.3946982023356
31.899975247091827,47.10885194710013,14.199357432902012,1.3553326168116553,3,12,0,0,1020.8236927316864
23.289545372535944,84.20685436638503,7.40894033783221,39.175075129395445,1,1,0,0,834.7051287290018
1.1015617165704539,65.76389146954406,23.4578932162829,0.5256612270826744,4,5,0,0,1436.3995898262237
18.051534406672527,61.01341807651331,20.46850573710127,38.0944947188742,3,3,0,0,736.8829849766304
19.268601855314238,43.47910585664973,24.589180162841576,44.66522468940614,2,5,0,0,772.3849628969399
11.96522685209544,94.54029755462531,6.4917709737603495,21.641996052858616,2,4,0,0,1184.26085074441
24.457769424988914,51.76120329897533,24.243090819949426,26.777123654889913,5,2,0,1,657.4803998600905
32.37468059076059,26.96742134366172,10.780846744788947,23.849169630882688,2,11,0,0,785.1963706588872
32.02274051627106,69.3653212894241,8.687969882843866,19.460430931171942,0,4,0,0,741.8623629806822
13.033574856165284,29.107071478128113,1.258738174233831,44.371226768518014,3,3,0,0,688.3466988034687
-0.4704781663697899,47.61785142413537,1.3191314464900654,44.69667553349952,6,1,0,1,724.6597184509294
34.39364795849338,60.592955097424706,17.300281398666367,16.790818232076727,6,12,0,1,774.9014116945641
28.555923457837366,89.93780197481406,11.448224860850697,30.7534877007349,1,10,0,0,947.4633288076019
-0.013492751869326192,59.48372642720949,5.6630406509026425,46.34537810729321,2,8,0,0,773.8280388969713
31.833675304694893,76.18070128253314,15.349257658130815,48.10292494706758,5,5,0,1,508.2668459052926
29.795854482485133,99.42534711992563,6.321452956252779,25.447952021102378,5,4,0,1,958.7589503987166
15.753522285042884,30.519129591838528,14.440793858610565,22.64124026421634,2,10,1,0,714.0470159806115
18.65101742979717,41.97852204156156,8.980218674567258,13.934715796426289,0,12,0,0,1227.2944539795715
10.96010815480521,51.56608604781171,20.588805665295475,47.9435936595205,5,5,0,1,748.227221058557
-2.8095344471187467,53.74625428310651,20.517404019169483,7.140715223643368,6,4,0,1,1225.3141913654683
8.407889665836038,52.88168602124366,11.933759953060033,28.99147880238625,1,3,0,0,1115.8962326327523
27.114137943920458,92.6088802045244,8.77047773337539,14.127513375931944,3,5,0,0,1055.3321095487547
-4.814719079815886,77.12261155734852,9.063994913977364,13.95041451738983,4,4,0,0,1657.4845266216926
8.339966867645767,68.6324171272563,20.142863141705448,20.248429368809422,0,1,0,0,922.2961183168896
10.926747743637733,44.74981742902257,8.2044870699403,49.939646790782724,5,12,0,1,809.9468220634761
16.495824117516914,85.90323073770358,5.22648434267115,2.7483153419911033,3,3,0,0,1240.0234047895296
31.79422465651042,96.40484091879911,2.1172085468826705,28.927090910176574,4,10,0,0,1016.0130406062709
8.85383977463845,85.69586260401812,11.66732802211021,4.128607901763859,2,10,0,0,1649.3533918559237
8.878128075849109,20.125208415317832,12.053302472996046,7.726041499525948,2,8,0,0,1494.1130426558752
24.500049924389934,70.91210961467256,21.02271776007268,21.978147088644935,1,7,0,0,1064.8303791946855
13.088717635592285,24.090830515368058,5.530967411151599,25.523006567322064,4,2,0,0,742.3792814545862
3.9841929175992785,40.60857762669775,9.524781841709999,12.9396204182262,2,1,0,0,953.3134015139054
13.097580645307737,24.761976027821735,20.210143472342274,15.822856543720809,2,3,0,0,710.5272447015938
0.6342808151919943,68.30363623595102,20.590590268724338,4.348351012796653,6,5,0,1,1496.7277224981658
2.0554794602489324,74.92719307940854,9.615276899469205,15.160989192212526,5,10,0,1,1356.746019778551
14.93471090957919,29.159011045272408,11.478100582167022,48.3279219690272,1,11,0,0,1051.8672083812978
11.757017980181917,50.707110643598355,7.582147271232073,47.235369083624086,3,12,0,0,1066.812049060042
31.593836042724,56.498920716443365,23.3138719604828,16.74391450684925,2,1,0,0,751.9316091386263
9.495755964665324,49.52424174087333,2.966094143539508,28.54269681393808,6,3,0,1,855.102978971296
18.22353401112174,29.682000038815445,23.34373557503675,45.479769555547215,0,3,0,0,597.3444421273989
20.290571516781213,53.515823214998036,17.09666129588358,0.3091911320448337,0,5,0,0,1074.8652600582138
-4.4762217364666546,80.09424382467346,13.28930381716828,40.53417851687959,3,3,0,0,1003.7010972538727
21.541494880668424,25.680613162660435,0.8164765196123969,47.418477639445946,4,9,0,0,547.6603065964572
2.121438674790057,26.414401126552278,11.889904795550207,4.566286716677853,1,1,0,0,1106.5317455158588
33.442812698778205,48.38170334687874,10.193702625068306,8.072384301646052,6,4,0,1,635.1481583635878
0.9465091101245182,95.33805692951401,4.030470299378064,48.03731513856777,5,10,0,1,1061.5720822127855
11.584964949080948,73.48581173783313,16.410240087516424,26.877007182017316,6,10,0,1,1082.8839613115636
-1.5860132768542456,74.29359653380519,24.278772684207144,0.7098317235861851,0,4,0,0,1660.290656651686
34.87497007383789,48.9535992670292,14.054720276613129,12.881599938176457,0,1,0,0,725.7564648384539
15.087800413249703,67.49286329668307,17.868831911098646,22.49718371344298,3,2,0,0,999.0541165627878
18.815400692801752,20.81049472221947,1.7112613141504196,34.64544555123838,4,11,0,0,867.4993229650178
-2.316940904462901,70.88768371276338,10.441674895424867,36.65801890683998,4,1,0,0,960.302346093777
24.998418815967113,93.06295580609894,2.908962129112397,49.771075646272806,3,6,0,0,698.9031854110042
3.3962237238234305,69.00587746758553,15.31989588841276,14.37555996918795,6,3,0,1,1202.0717310033415
30.92217157762855,89.89588747730761,23.462053955353866,26.91100509342376,0,7,0,0,873.0100376052974
3.2055856192802867,77.9178444372875,16.544443311790964,26.666177392980252,6,5,1,1,968.7723753998334
2.627508826546663,29.644673312295218,1.9200762078605382,20.282262972361874,6,9,0,1,953.575797450101
-3.538013286076205,92.19626458286734,8.866655124627071,8.45809469212101,1,7,0,0,1492.2425925901625
13.88267780439997,25.31550754846199,13.766584486021289,48.872828159192125,0,4,0,0,650.7501336609195
17.593645330504657,62.7173978038211,10.080193903331306,42.6658593333293,4,5,0,0,895.8886887526811
-2.3716544228659053,31.370969903476613,20.84110026187931,24.91665141471186,5,5,0,1,971.8632528462676
26.021104667800422,20.936528858472325,20.36677511774973,30.16227113420149,6,11,0,1,531.4306549217512
13.131553389921105,53.76274081021112,15.295775502580536,11.363052677983115,0,5,0,0,917.9642085262788
15.975610773103202,43.6032566123325,9.336448628317632,27.189353519587346,6,10,0,1,1109.3614984793194
12.630509877529125,58.88003950380824,6.3834093440811035,34.74850665607379,1,9,0,0,1051.3633868340246
11.03052243501304,66.17599093876406,2.6468579553282328,25.75835141932944,2,10,0,0,1152.332990169162
17.385613252328717,23.499125784715787,8.87244208716385,49.514258529247066,0,3,0,0,432.9225726377573
1.2096098372285002,29.84026360989965,10.329312930192987,30.56708281238631,3,6,0,0,834.7117432127004
2.277125219810845,64.69139171603403,16.89557312760184,18.548685629608453,2,8,0,0,1439.5942176187498
29.471424840540692,47.45338825381266,16.453995607439335,38.607601380791905,6,11,0,1,872.038315256446
32.84461848534531,78.33387900395584,1.7527034910314239,8.523125579082102,3,9,0,0,1008.9985680429039
9.932372651190118,72.18333188735517,9.881482885778944,19.225790685313328,3,7,0,0,1487.7818322520352
5.829786925742151,87.64834903919254,4.544471680434048,17.34794751887929,3,12,0,0,1534.7639195357954
20.75998172956063,75.39942613353803,3.9203176329201423,21.590354755388862,0,3,0,0,1114.2098052905994
11.349366843923857,54.394486191211854,20.682553743431146,39.08899129643631,4,1,1,0,612.9292272492696
-3.9845457735862055,73.8373297915546,1.0478804179064383,24.208651608170374,6,4,0,1,1239.577199216175
1.2461038946476144,42.03049394043348,10.479571897553033,39.70072251329814,2,6,0,0,1179.8054041961066
23.638889153895903,44.505079902257016,4.205091394162955,28.824445156993296,1,3,0,0,756.3781872814245
21.356957676406054,83.11881279366347,21.98325539196185,17.103471732877768,4,1,0,0,1035.6563001106547
-3.9161602998606604,55.71356131212657,13.926012831875878,40.49893718417362,6,6,0,1,846.0391810733728
3.8788864773179776,83.8704272414682,5.7845159094212,11.914483527654578,0,1,0,0,1132.8721790042446
4.242991863522856,85.79378989346228,12.56068217915941,11.219148989989774,3,9,0,0,1594.1094433747814
21.875709743949137,88.6049870129027,18.287158992577897,25.22514620274179,1,11,0,0,1375.9904754001388
-4.211578489825434,93.33081886729659,23.952950222985844,13.042462298104446,6,12,0,1,1720.1541558734207
-0.8356567206170462,54.4788176410637,5.5111501061354735,0.4543517475608161,2,1,0,0,1262.2772578633421
26.996643414927576,45.509345465691105,22.154544303233628,32.41487636494008,6,6,0,1,438.8403621444477
2.1417864821733446,66.5758997275291,23.357602854187256,25.5546910736199,4,1,0,0,1043.5624906288424
21.109844314074987,49.69379387501021,22.910513613301656,22.27589072465806,5,12,0,1,1027.9815375636526
4.527311241869061,68.08593334401864,15.885358921547747,48.348425730915764,4,7,0,0,945.1607934014191
-1.0223442896261936,76.44686901150597,15.745516360867692,28.559959198145684,6,3,0,1,1037.0163231024546
4.726887639978163,75.07240147937095,10.08026582959557,43.171578889469224,1,6,0,0,1067.7917092140174
23.890677274226366,49.96423096160971,18.809947057594698,6.972511810258009,6,7,0,1,1114.1969387195015
29.22785872425143,33.34881613590022,13.282350458773298,28.460323156471386,6,1,0,1,468.7596079574042
28.208794582679666,54.4423470769766,16.935951780707363,43.39898133654515,0,1,0,0,507.5490853776628
10.887341184738194,31.4075315265527,10.711447596219886,29.1552878639949,2,5,0,0,892.4461944902235
21.723405462825845,91.20776281470467,18.287411601078478,35.900708906350076,1,6,0,0,1042.8731365055057
3.199371816632839,47.67019685902859,20.611787940113725,18.60217839061037,6,9,1,1,1004.5490414415052
6.7259092104405305,32.3567797778659,3.6609064150704027,4.622475851853331,3,1,0,0,1010.8841532764803
30.85343274084479,22.035820792460072,20.8232428893557,22.89501475635357,2,4,0,0,653.8933469906312
-4.479923059570559,71.66579090291874,13.507413294757681,19.723969541942875,4,10,0,0,1532.7634033620066
-1.5796587658212768,70.95218539637946,21.116647727255607,43.35300911894737,1,8,0,0,1108.2992724874905
3.315450205841093,47.248333326503335,10.782542658525365,12.199765117623611,4,10,0,0,1530.4073486986936
-3.9387118450472114,25.736951107812082,9.476012134575877,48.3367113767554,6,9,0,1,706.357614211558
2.2574174035918926,52.770311591618565,22.87651831293056,47.90690599022481,4,3,0,0,1038.5065560845592
18.321662438787687,44.897399605071485,6.279231688710032,12.381582153571935,4,11,0,0,1219.050227936019
11.856982023699917,74.16965117880075,21.105308132153578,17.402597773866024,0,2,0,0,1024.2630907902192
30.706868443078996,68.46233995621523,12.100514312735102,44.777787043694254,4,4,0,0,580.5572867121181
27.697742469537637,49.167498255803196,12.852386063781493,48.331111044805375,3,2,0,0,389.8786758457339
8.672694067915039,37.43140434039921,7.7117070372371,22.1719551418022,3,1,0,0,961.5430461752276
5.376937337251699,99.04287729244734,14.326055015475392,16.049852282044892,2,12,0,0,1721.5070388635684
10.187696326690677,56.32012969568919,8.130279906905283,26.3047006625771,6,3,0,1,918.1351088741344
18.61179770059231,75.06193886241897,0.9817353560413078,34.38846031828674,5,7,0,1,938.849904430782
5.72254563291505,31.244237406268862,6.799965133608901,13.67372576874899,4,1,0,0,965.7624326087243
19.96595631396536,58.84717597275183,0.15947608516476697,36.82365873095364,4,2,0,0,862.9964095344698
11.376466087649618,22.202937589557237,24.458869676421415,2.5828678557320517,1,1,0,0,1115.8174457743269
17.08188723407921,60.436409432835994,24.143680245493687,2.4647246382208223,0,8,0,0,1261.8932809296352
12.445061165412667,97.12139256941619,9.878882436807626,19.314385257277262,5,5,0,1,1256.6311292700561
6.778630381676707,50.736537038864014,18.20927135849115,17.67365960303603,2,8,0,0,1324.0434047467973
32.938132278486265,23.119681005992927,8.645152460260624,15.781660768357614,5,3,0,1,445.02395256084816
25.544231766390432,22.47646327354748,16.7773289271494,24.5509881334455,4,12,0,0,843.437951967017
0.6045270306581019,51.03894079574956,20.13575107614948,16.03667911557856,1,7,0,0,1457.4823106931701
29.73871903591651,32.801994917055524,23.66890611730602,9.612895923404597,6,8,0,1,807.66866674454
14.497247929980546,21.868167706254873,10.0053068962418,15.473477454430046,0,6,0,0,963.1751478633947
30.782089075763658,80.49708911601415,19.582449573901194,48.74521364051175,6,7,1,1,542.577278732709
26.99421023789261,56.681840710551256,6.64821126580297,20.55567084974243,2,12,0,0,1299.569664088333
12.008540178769337,43.139581757812365,24.75830759484121,22.23563884291679,5,2,0,1,770.0675381699799
-4.101227667195304,92.00665464131846,0.6442399691087786,28.827249497557002,2,8,0,0,1452.477648085059
5.747094375397843,29.29111681604205,15.088220162528025,49.16703842071133,4,5,0,0,756.1556257614719
16.665368586434678,96.47350631642554,16.48764954128318,12.080063821788151,2,7,0,0,1364.235306924094
20.33912879304589,45.117337390188226,17.201138926853222,34.06410552662169,6,1,0,1,581.8964665039314
5.315507417328091,91.0722937846945,3.0096894697272254,35.799234677086204,1,5,0,0,1124.6380390184436
0.5742429629129653,68.23543011835693,23.46324458682826,30.366220839653295,2,1,0,0,979.2086849639312
28.397209471971966,86.136588779319,4.52958197625207,4.428916981832204,3,12,0,0,1504.8773204361723
34.37608722814208,98.72105305683715,15.568835080996028,33.84361379137882,1,8,0,0,971.8737391906366
16.027607292107433,43.07243502549966,5.566901978077124,3.204735551808774,5,4,0,1,932.1809408500044
1.86717143393214,96.89083883260744,7.680410425531773,29.807132477494847,0,4,0,0,1337.4474195222435
5.892293060774758,51.15855159219363,13.661463543203109,36.97905886108713,0,2,0,0,1068.2357531202572
-4.264372938101331,50.84095237895379,10.429835464114412,10.548494530997521,4,5,0,0,1304.7429197069766
31.57195226241996,47.230968340360455,4.005640024412657,42.0811003771387,4,1,0,0,400.8898553506372
-0.2899566843943546,63.312608587806814,4.273410060521207,1.5176902766502132,3,9,0,0,1445.2958364693366
18.060659020570142,32.33160345427897,10.453619704069991,42.1906431829153,5,5,0,1,527.9147771544475
5.96220882748824,64.2969188286409,18.93207445688752,23.016452532138253,6,6,1,1,981.4106239347291
17.167120100631735,63.33638499280032,22.449116171194714,10.879396996582225,0,2,0,0,943.8070602355921
21.05681553407457,80.9521450083896,2.103191556484571,6.6889072496984,0,10,0,0,1307.505665735967
28.189672148288064,86.69199695500684,9.827597688985026,47.66535837911863,0,10,0,0,933.6092440904887
3.2568508704241284,55.23530802499393,2.5061390930719156,3.6332793790578357,6,1,0,1,1184.9232746874325
-4.560166853660781,44.1866599481195,0.4148120158149471,9.954670996796283,0,4,0,0,1194.8555485162901
0.47542520275229094,40.746791785367556,16.542967066098914,17.3911173716523,2,7,0,0,1303.154828791452
31.000745673924204,35.569906936389756,15.061236049164695,31.011742448056022,5,6,0,1,568.7152809095926
29.95560310250061,24.61180657592199,4.075477845372156,27.240054263804918,1,10,0,0,720.2739510633991
18.89652408681233,47.395838306777065,5.845320827326603,6.282174620615699,1,1,0,0,1041.3341566118659
19.020674417346136,41.61981537046266,0.5926938411129595,14.486399186910731,3,1,0,0,750.1656245412707
21.60146698185022,97.31339086931258,20.873680142360094,11.937588554301204,2,8,0,0,1366.164870639669
2.0148511449379836,64.61670610000351,24.367264901213787,10.677142724517068,0,4,0,0,1238.3038371778812
31.576477836998393,47.78216312244061,3.3864884198672702,20.55721682399935,0,5,0,0,556.4018723386301
11.750820995682925,66.43740807949568,5.786880344132453,35.20157262958284,4,7,0,0,1103.5906579761984
10.325541129979898,31.13573610765564,21.71023809867335,10.872646610861796,4,8,0,0,1177.545820720291
15.756708211313502,55.523499936176236,23.16159494890462,18.33394398514907,3,10,0,0,1157.9088694458876
-3.121361328997798,70.0987457136851,10.490684570170258,19.545871342058113,0,7,0,0,1326.3212028136159
1.6513347502431763,59.11182654339611,1.2655618067268533,48.82282647177051,3,2,0,0,927.8022085354157
24.52134465705482,52.14230405234594,0.984795842320485,47.733317843953444,2,4,0,0,386.72632638773104
-1.6880532829949413,99.50787111197586,14.34874665172526,40.006879137603796,1,10,0,0,1550.7766035510847
19.126084378655527,90.42518097191416,9.822377722329476,12.082946040959259,0,12,0,0,1469.1496712580656
4.813964387252838,69.87247665275521,0.7163106894413629,3.4018657045834844,5,1,0,1,1028.7877429865464
10.571824561679062,65.55018889458262,14.58130980781392,15.845206886031239,6,10,0,1,1252.4802682909065
6.547749470827995,69.65283838596673,0.2825634147255618,13.339727471691543,2,9,0,0,1652.5882895165846
9.226908658597965,36.10496862579466,19.684298953731822,25.296290007319694,0,3,0,0,1037.4687395306182
23.761836207369818,51.61101946114549,7.660820567584289,38.88639550338965,6,12,0,1,705.2825223776863
6.884868624927001,23.156762631271945,1.0064500752308025,42.9161469439429,5,3,0,1,647.0327827173583
17.656185611875888,58.04368299894613,14.708805524578834,42.243204270525425,4,10,0,0,790.7698862068078
14.042016087963987,63.44196671661305,9.942110360826367,17.983778061153387,3,9,0,0,1079.494614763112
21.546846614505924,38.21997888825677,24.345010333928737,34.361717173034144,4,10,0,0,866.2394771644394
32.47318957299032,97.1223077732411,13.604966562592555,15.641709876211001,1,3,0,0,1014.4717564923334
24.302883888410012,92.75636887497936,6.880979525925207,3.0452771617591354,4,8,0,0,1403.6808053751474
3.5976151436302706,77.77145883647248,17.73597161584937,35.07826328014711,0,2,0,0,1162.1007499134728
-3.752674597548613,62.670930301229006,6.787300063567783,0.49137762848939226,5,3,0,1,1417.7806055651358
5.490561771993003,89.5975327718148,22.606082285189128,20.45912937292443,4,2,0,0,1104.850995410703
18.803117228010194,30.452187505877035,9.36804926268441,16.468963465103787,0,1,0,0,748.1674794688348
-2.942967460629986,83.2407835419908,13.74671406940513,34.66887692594262,1,2,0,0,1298.02127766191
14.854649888049455,29.985665117347864,1.2643275956057214,38.312273638018944,6,8,0,1,730.8435887377619
18.87371395667557,83.53685300395243,10.65303094880577,15.204731798564191,5,9,0,1,1192.047902787331
8.369755632678434,42.06140546010856,20.809088491524875,40.581350722242675,4,2,0,0,813.4879492620208
25.836488149832878,90.16724648145511,20.141220134083547,14.695838025246688,3,7,0,0,1197.8649581532045
-0.7360698746491279,95.52336750603183,5.607963971338156,22.31631799932806,3,5,0,0,1230.2209053016072
-1.9944887305676495,31.90367755240925,5.6519767752640675,36.3509263507067,5,3,0,1,942.7195230275615
24.127550248144132,57.01404840523148,20.43263280533092,34.64601146123943,3,9,0,0,876.5088485535841
14.819652648247938,98.47899025301481,23.25996050423314,49.36842361561,4,6,0,0,1073.6944921422773
22.53609585710944,58.67259487785173,2.384023031825089,11.258051210796594,4,11,0,0,946.9445199678798
12.393093544149849,89.08380180116362,11.251465985655631,33.115895676979115,5,1,0,1,1046.965771459153
4.856081329564272,67.09852177050558,8.436356974105724,30.48409541378887,4,5,0,0,1009.0419843420987
27.76409270696799,50.02639263356815,21.767211386435985,45.7549227245015,6,7,0,1,783.7898712942304
26.97663515875917,42.862684442069614,2.088122867000469,7.818107082243753,0,4,0,0,1067.5831084634192
22.787858834177072,36.257847286886985,5.278148563950936,37.58990817934665,1,8,0,0,581.636967313968
5.885805489198508,80.94385531021578,18.811708439662358,28.413430813438417,6,10,0,1,1351.624971583961
18.609226674763484,50.92324054584223,1.2823462245303896,13.73329348939527,6,5,0,1,788.9883743728511
9.438955877601071,60.90203697606009,12.313384517857232,23.721745707358703,3,9,0,0,1156.3945550909598
-1.336717066934634,59.386038400094556,11.052675866993,16.68882985348989,0,9,0,0,1380.5147411058626
31.69254301848971,66.1823223386505,8.360029474718717,28.965670139423043,5,9,0,1,797.3798913090527
0.47274523675845614,89.24617164996418,9.864307882973094,44.450030540733295,3,1,0,0,1076.8316690999975
33.0094941528321,98.45914748667435,13.248514673255823,28.4652492206101,0,2,0,0,678.838780113956
12.84023091831823,52.606736685905354,4.034183959709578,31.586120916329204,4,3,0,0,896.6325187511916
2.405317153544786,86.20151376850424,14.29989695708982,25.937392355735472,5,4,0,1,1163.7427692468302
16.676037895134325,81.16222357237741,20.13580823249966,2.5582753222737953,5,10,0,1,1188.3041245110094
29.91783343505633,65.88231611644586,19.004023244753977,11.642927843804712,3,9,0,0,1028.819620730944
24.288995456382448,96.48377148895464,3.847497617344342,24.600086471604136,4,10,0,0,1345.8207414670185
27.262445914457988,36.037961242272225,3.7312367435368476,15.511764187235238,3,6,0,0,763.5698219889191
21.351334668428695,28.74113682476971,6.7043591936228335,9.088179888059711,2,1,0,0,592.4089025014761
22.6910625807141,88.31695735643378,9.02686815852593,25.206642095921914,0,12,0,0,1308.6528367041408
28.967826062612772,55.13198533069986,10.211389535212065,16.140489672392516,2,9,0,0,877.4093995898207
4.986720354367438,87.75750833656484,16.99243042083363,12.905382158670736,0,6,0,0,1470.3606686635176
14.576998545725619,91.44721641563319,1.417010804145885,23.19927087201904,1,4,0,0,1112.2237672395652
3.848377672784089,24.996607489525715,0.8668176056516597,6.664212904108657,6,4,0,1,1198.5159017397716
34.50672031986588,90.67718103888485,9.797764073597726,46.38728665377037,5,3,1,1,264.3794295595091
32.76237358746453,55.86552442955377,17.42909230344951,43.38510489596195,3,7,0,0,484.4402264491028
-3.422927545259764,60.83459912033858,4.8358835739120645,35.38102928702676,1,3,0,0,1054.4936226519633
23.22300690062754,70.12740088745682,16.037612031406294,5.310691379422811,1,2,0,0,918.3825962914921
32.009932696626635,94.11060853840694,6.495703448507487,38.79386272348465,5,10,0,1,794.5303607383626
2.2230138050933412,21.52928755438112,22.15215272033791,40.39786640545095,5,8,0,1,1031.605945365383
17.717809222105178,58.14747746542537,22.39224860666541,38.38823088571689,0,4,0,0,930.719241293987
31.619531903521676,75.01776339444486,7.432180107033163,5.698294355962058,2,8,0,0,1302.7963053932535
-3.6421608565680463,77.81655661585827,5.749843849081013,32.195397853388236,4,1,0,0,1211.1859146817644
22.896810689873597,75.40259452296864,10.282599301655782,41.71623978746993,0,5,0,0,801.2736337596614
6.893960294902031,30.75481035264975,6.013289629503718,28.867670060983386,4,9,0,0,943.885220156785
31.975847815061215,43.9516470697345,16.80959608229259,32.32036876140445,1,1,0,0,507.502801572023
33.842329806614714,48.69724203336108,20.65161711370714,22.91817397131531,4,11,0,0,864.9366294839109
32.770659564537354,84.3549766143604,16.827303272780426,26.43536599420263,2,4,0,0,897.3786726714922
13.968568666298552,42.30078979316424,20.60876118123374,1.7188429175862607,0,6,0,0,1093.7790142786575
29.481706039572536,36.85639710937625,9.924804055186854,31.94815109866423,5,10,0,1,647.6927375080328
28.781975941402816,96.5958415230477,3.9079242677215213,4.07236064455796,2,8,0,0,1100.9920981826167
7.764018929730225,20.709062809077512,18.448773684939805,21.75072971701117,6,3,1,1,630.2365395547206
28.156618966027093,99.82566845455825,9.011862628538847,14.632754883370392,2,5,0,0,1166.050422356679
-3.519694611380295,74.14570390859166,16.781770630728314,27.271397510585654,6,7,0,1,1132.2224957103797
18.85079513928212,86.27754395592936,6.766098549544141,6.670816776160354,0,1,0,0,991.4745966592991
4.200353491508122,43.56955170769545,2.0307408701668166,34.58217009866591,5,7,0,1,793.4842348547529
-0.17732456890884762,21.145222213364796,24.814544887194085,39.75057684642352,2,12,0,0,1102.7468050462776
-1.9218719348316338,79.0295614849224,3.905037698264982,8.167722487157825,6,11,0,1,1440.3602756889936
22.85155103512559,86.73156776005406,24.710524849087026,5.215654367594108,5,8,0,1,1365.9981015108924
8.594998550722647,79.23809055628153,24.43199831416118,7.275774139367957,3,8,0,0,1526.9870279060144
23.99067086115046,31.428022984067088,19.84545259770099,43.856378094925084,3,9,0,0,728.3111342226637
-2.385746368042305,80.27423378055752,16.48557405204994,26.40946308781781,3,6,0,0,1227.1290930880104
7.611613513224413,81.51382256861127,14.445176256277117,23.36304980037513,4,12,0,0,1577.9725732063155
16.57965169501349,72.6832412536044,21.652538634445868,5.335590955117714,2,6,0,0,1349.6315425703904
26.628926593558543,81.28927462364689,7.235988040487198,32.47780033784809,0,2,0,0,688.4718829294233
7.750100117282797,87.67371517421857,11.692030312121926,43.3999795947545,0,3,0,0,847.3245463180699
20.035655057480362,69.08832913899667,15.484749234162548,41.40929346617265,4,4,0,0,774.1706613324855
30.439109929447486,27.088377117574325,10.279761896737277,31.302735449040064,0,4,0,0,459.7442647131061
19.63452752729218,59.01022477337687,10.6871613522567,3.763935832583681,6,8,0,1,1081.775491780482
4.318378990145351,26.211946773728407,8.25711668755211,5.6198513588006485,3,1,0,0,986.056569195736
-4.023968737738479,52.60344248259447,14.1057954171134,2.465449355491234,2,10,0,0,1699.0774314927726
29.803954956037195,52.56851913005021,21.2643632003779,12.873960824623465,0,4,1,0,389.5148875112812
-4.1492235659845145,25.280787531219325,5.038209450157821,6.783073358018887,0,11,0,0,1603.8807554992
29.988066907367976,47.905642717558344,23.360825968836036,13.002402012621694,1,12,0,0,1166.216490660339
16.15748536108848,28.879847903305187,17.22719134370574,19.252902785948084,1,11,0,0,1095.0308327576772
32.56270794051585,84.65881680073777,20.581830317000755,47.149139203556786,1,11,0,0,820.1171764491353
26.951329430946615,95.81504207715766,13.904767315750291,30.518802989084605,2,4,0,0,1025.7318392176016
34.9173644213335,25.78531802063509,19.487917535601586,41.748689284148114,3,1,0,0,252.42915040352523
9.028472618068406,96.40921658333612,0.40500993348668024,35.51757503561661,5,3,0,1,954.4103147041143
25.687531557245077,61.80612794693961,20.45951061948838,5.625156526331587,3,5,0,0,1172.2569291372924
11.077236544369686,43.96525423630991,1.003471477134163,36.796020318697444,3,6,0,0,1077.0540352882908
14.195024812156355,26.14896602209308,22.24783440907156,13.754944077956221,2,9,0,0,997.6650036256369
20.100218528734803,60.04994144563342,24.799068680966084,31.955392349735316,6,9,0,1,941.2705745094028
29.94708456745355,83.56124355925989,7.351686554419445,17.048098682149426,6,9,0,1,874.1831477840863
34.363338767971804,76.56691818133585,5.257963907144841,49.88361316323296,2,11,0,0,759.228273795148
25.73093655458073,24.0180809171179,19.13408409645102,13.177573974838891,1,1,0,0,592.8006368738418
11.710671286693351,25.832146829432283,6.3256585230063305,13.956523538713483,0,12,0,0,1307.741572196815
11.854280091082806,52.229862610610965,21.639059579305087,46.53361277811992,4,9,0,0,921.2651628680991
24.50329206355566,43.623239523835466,2.5710648039369177,1.2322202318161335,4,8,0,0,1088.0346108760339
4.551085830732093,38.59074584448383,3.1488799094839566,34.834449393659845,5,2,0,1,905.7522173893656
-0.5810354747442137,42.48035991269709,24.478788877515388,36.26631953679391,0,11,0,0,1164.1114221605037
9.18488630563106,84.27861946375077,16.845972456750115,41.81892887051997,5,1,0,1,897.6066783531477
6.489559666163269,94.33824429054832,21.17218061072382,48.721965531923765,1,1,0,0,896.1271881741327
6.8523248182396035,52.408215562205314,8.10823443378795,48.78009595783262,5,12,0,1,1067.3014692109962
4.344310041996398,92.48888017059977,16.91209373801511,3.2638378783231947,0,6,0,0,1757.1411037988833
-3.3162724145455247,45.71965609983056,14.85604568271493,41.09196613764512,0,9,0,0,1140.8440769188178
-4.285042610663448,58.11495890750333,15.078753003073675,32.31549668286907,4,7,0,0,1052.4439328988
34.50889558944126,38.08231982527998,17.063311488443038,32.36710671865456,6,5,0,1,364.4200148599626
12.110925349434494,71.23808337406751,14.383979328227465,6.41749633073474,1,11,0,0,1712.3831643801034
10.373065886387266,98.31848921398472,10.726559232566649,32.509358322282665,2,2,0,0,1033.1445736974513
22.185891307722795,68.2794476834703,6.8980673595136714,49.12412903006239,5,1,0,1,638.265828259719
3.7301555146025667,48.62512672908391,19.21453327283005,45.59092847697235,4,2,0,0,769.064483689393
32.99844735800902,71.82539567924226,5.656810750079655,21.956533040242526,5,1,0,1,522.7986235344132
26.453800576622083,29.833654277231005,17.308857653860354,1.997398664304717,5,3,0,1,834.9237491015778
-1.4235599075096195,91.09272642123189,5.833320566233166,18.114674500010242,2,6,0,0,1553.2710263580789
11.703231031397134,60.24671606238691,15.633254248861347,41.31951558002776,1,8,0,0,1068.973885670613
30.164732302486588,55.94797936317136,18.67695667822572,35.0749550732583,0,3,0,0,604.3643307587818
32.78928089165641,66.86918307628153,5.46784722266348,22.96718277969782,3,10,0,0,1027.206578456366
13.696060449994789,69.9827090231522,1.498582521532707,2.7550767579415547,5,9,0,1,1386.069045259886
19.53645556842831,25.742064498121042,3.274343574854352,21.34473639116513,3,10,0,0,1043.6676185020674
1.681357843683009,74.60937769787219,15.149924181775637,23.451246985894176,1,5,0,0,1231.2579938088113
34.646745045479065,39.35453442524236,21.23616015564339,46.427776644706796,3,7,0,0,568.6289705861358
4.266868055337736,77.11621060052718,1.1249205308856092,32.05430517910797,5,8,0,1,1091.151207196546
32.709270965405025,85.80278355073574,18.353781476041156,15.582645832732444,2,3,0,0,893.5458348984104
20.98586595969474,84.31668060420162,8.532966148751303,26.26591322253607,3,2,0,0,903.439509935399
19.309471795154366,64.20007739263113,11.963209247988063,3.3027653911080037,1,2,0,0,982.446683525959
15.507540440660343,61.613591384860094,23.22148874613914,48.62841178248684,1,5,0,0,612.0619489458326
4.2267924687103475,31.430076907152937,8.299287618396137,18.0029950965363,6,1,0,1,982.689526027011
2.0611212802203305,82.02769203225085,11.63342334848715,23.89336774565679,6,2,0,1,1053.3298559620414
3.819448362807014,41.71275043573715,0.34206036901702763,17.76419871184613,2,9,0,0,1217.3401878986442
2.4575304857701807,59.73563382543573,2.0399680001209592,34.125586505810006,3,7,0,0,1061.5676047729032
26.18337894267013,42.74192743420134,6.4647897783696004,33.11160791647965,3,6,0,0,657.1069997526675
9.005010366669204,30.706269039975453,0.6963060205268601,35.76611552645678,6,9,0,1,781.5973524370886
-2.6862929374641453,70.36461575133893,15.784383151206274,13.407161480596042,0,7,0,0,1627.523011259351
33.764105205632454,24.346562785832305,10.659958920040562,15.783424058203298,4,11,0,0,749.7064982430463
30.351435398537028,79.891618730096,13.703630068200551,6.2625615548103974,1,5,0,0,1230.4236220368225
32.11009132780852,45.406943620889336,4.366179647408239,32.77549859230563,0,9,0,0,810.2878614787892
34.79631290585741,20.010775440358827,7.398300735915403,1.9898563667826275,1,6,0,0,705.5625222684898
1.9558099687794916,60.89033113897838,16.595611871318127,29.884116776172952,0,6,0,0,1221.4457256237242
10.84968075610635,23.74815268220825,24.132568090759996,43.48479424258169,6,11,0,1,851.3473787848625
25.32953902816365,42.09356462567196,1.26041934005523,44.541607414481675,6,4,0,1,491.79022261703795
22.840824722151687,76.5581189964573,22.259608021381652,22.451888018498085,4,12,0,0,1314.2252607799367
1.1558362535942024,25.015169729749267,14.422030032780212,22.965184410653688,0,1,0,0,955.5937864551306
27.633324999624712,87.1470793884802,14.097989168890592,3.848459150400868,1,5,0,0,1065.5045988176118
3.9776228734664265,20.30559381268665,12.506963380194009,33.53825127215179,3,11,0,0,1125.583872451669
3.952704592904923,39.74590953615218,1.7348521476045846,41.06297101864227,1,9,0,0,978.6283353502209
16.478976915736542,79.27232449216572,2.2469212934040166,12.232752730235653,5,8,0,1,892.4227848078451
18.717597393668125,45.30161197834454,15.022800141477152,21.065044081668233,6,8,0,1,944.1671061589275
18.203448313512446,28.15139104528108,8.523964285888958,41.94196683826352,2,5,0,0,541.9224855889873
-1.3405265040898051,48.81871350403423,22.931701664442016,43.8560233831144,2,12,1,0,985.6658268938895
30.098434505215216,41.63146291076204,10.164763433986806,12.158999013211297,6,9,0,1,826.0224472931117
5.624001703548243,87.41695217284439,3.5820364675660272,27.528531727068213,5,3,0,1,919.2387866384541
0.18059685131216696,45.06783340681145,17.8679708375509,9.624657531791353,2,3,0,0,1266.0237283329018
30.54992319475909,83.11459774208058,7.333835536025246,5.093938206977827,6,1,0,1,819.3816853638618
33.226059929190136,91.34977158485879,13.13675768389733,45.55602506959788,2,9,0,0,711.3492250695684
29.485104690618023,54.70539356612236,17.44581963762925,41.02537521160546,6,6,0,1,540.5124671323653
27.380642988995124,92.79545150835136,22.50660278005176,38.00174509015869,4,2,0,0,609.2437456020662
21.20967922556087,50.18544431705543,19.8047798700419,2.438315940657021,3,8,0,0,1195.571111374418
17.034294824365574,97.12627331920865,16.909026696818103,42.186439635512876,3,12,0,0,1249.1304926194027
-1.5205296035435945,27.143161962045834,16.99082955987859,21.902203795269187,1,9,0,0,1274.0082409922054
11.338128522827947,74.96154132025941,23.648116100802163,17.11975616479298,5,9,0,1,1329.7228700674166
9.90754068049256,59.5051232365543,7.395602437413401,27.323818051268823,6,2,0,1,967.0007685927332
5.390151350413048,51.011904436451765,0.02780235490468519,4.567662136177791,0,2,0,0,1180.4514625705197
23.936804547543396,70.61695029988807,6.798863984954967,37.83232746761994,1,7,0,0,948.8520850308948
14.835029403150832,76.3085673307465,5.4472844906686,29.121753844414794,1,11,0,0,1200.1859095785571
-1.7581513636940826,20.349061572024727,16.545864627849955,9.329504843658377,6,4,0,1,1017.9681717797231
3.8073280779924534,33.3562470997759,15.842789994138226,9.41160998845228,6,1,0,1,937.9657325930383
22.330350546383837,77.0436840507455,14.836534567618095,9.212432578633711,1,8,0,0,1254.5096643940349
-1.9547656203879926,73.31083308625652,0.4060860802363425,2.850119377596699,1,2,0,0,1536.7044129388398
29.048276561950747,97.28380041029418,18.219451361266188,29.38992246858424,3,3,0,0,883.3808171402786
14.805861080558973,80.88302322006264,8.088260312137288,42.0174088794254,0,5,0,0,860.9639445616301
14.22346309306592,96.06181661850704,16.62639972516578,0.87491069936943,1,3,0,0,1525.8868338352218
18.696311386380703,76.20324012278456,13.914460712553833,2.4502322485636774,3,7,0,0,1170.4164776230175
27.987238637005966,43.844176691155454,8.56827313569768,28.63851383434729,1,7,0,0,673.4431733809778
8.912368316087722,28.429193780068516,3.3644066776026937,40.97478426930262,2,2,0,0,754.7198526439048
22.120646102362542,82.54590906759485,2.360472441512024,16.33694452843168,1,7,0,0,1308.9170780549996
17.629278559831643,71.53193771807327,20.78795832780559,17.48071994038611,6,11,0,1,1238.057353866681
5.681130806776853,23.8548809914637,22.95993855203895,29.817324874838796,5,6,0,1,886.7928270277384
30.14519945420632,48.80403727207827,16.24470116910749,13.71064445620735,5,10,0,1,858.1386353043704
26.897040864277123,96.54398523874289,2.5858528715120843,1.3304183038842066,1,9,0,0,1395.9389517386658
21.33807338633702,60.0320916568161,10.050680422206018,36.761425905079804,4,9,1,0,715.5132263837205
29.023269163769676,54.61833088157637,18.223480002628932,31.282495647072654,2,2,0,0,545.9114850844138
29.691768038392095,56.61596841274352,19.4955221002517,29.037799952782954,0,7,0,0,765.4169893234614
23.33451906860139,36.7106179204131,2.955465557277215,37.08420644959116,1,5,0,0,531.8595705236278
28.48053313454688,49.49657366918362,0.0007679711345603968,33.76154187810187,0,6,0,0,664.0225499270479
22.898858466771344,49.58506047897413,17.803426147015124,10.294099408916058,2,1,0,0,883.2922309024303
22.205630870412016,24.188401614997794,8.914904399655141,17.624052347167556,1,7,0,0,1002.8851502112199
19.74445512860737,81.40541028143346,6.362033290456506,6.30550708393125,4,6,0,0,1180.789507650595
25.108665582305647,53.32035455231032,0.322436744738136,6.492850670894051,3,4,0,0,927.6104803271539
1.344204211722948,85.77439094531387,13.507485169037492,33.80978731782696,4,1,0,0,1253.544120861851
30.234830367957137,88.02784008959163,21.278768385649542,42.93000534912491,6,9,0,1,950.3831632544402
29.87374110980928,36.95952437589264,23.940791156814697,48.136629193056955,4,4,0,0,470.67789335525026
-3.830108678617634,72.58827857361028,14.143623765332231,31.417355877472218,3,2,0,0,1169.1503946584382
28.03267002259051,57.78254433303854,12.861533193497355,9.205066168047848,6,8,0,1,894.793309305756
0.15479469893780795,90.4125390337188,2.1264096372310277,5.282517272446535,3,2,1,0,1076.8617397484952
8.404754170365676,37.25925433411633,13.721820038564994,40.64254857683789,5,5,0,1,638.4662835142772
24.74033025166431,74.22505602480354,9.499476974134865,28.937823817999963,3,11,0,0,1069.7972844676838
1.4303958419323282,68.62016978021781,15.178382022089423,30.91425105068599,1,6,0,0,1204.7605782079909
27.718680964762488,43.624118205746626,9.718158696913667,39.07310443773546,0,11,0,0,823.3864469732713
28.285367118309676,30.92807229209381,6.007478086259169,35.16386138662258,5,8,0,1,511.21591830919965
15.298709350433448,72.13118083818213,2.3741318807094123,41.72291264280483,5,11,1,1,676.0886716040587
-4.744565131326657,79.08779665058645,7.8729611147223935,2.810695272993924,0,1,0,0,1518.3808556568702
6.481525326996511,45.250187501068,2.416120857193807,37.37603183732524,5,1,0,1,940.6265054888743
19.677076735029686,71.5866083217851,4.422423770599599,42.54263786610477,3,12,0,0,974.4604427239791
34.24744712109694,51.61047260892026,24.683403964488647,14.306752122915716,4,4,0,0,784.528695062505
20.272541080666734,77.05655066260942,11.102588922665465,32.02236369966264,2,5,0,0,1017.8687360730187
5.392143242566392,35.93722199152425,13.296794162625414,15.708103191848604,3,9,0,0,1181.1546785689636
20.360228123984456,91.21720021089395,21.840463218430383,47.8985533241227,6,11,1,1,872.6537260538751
16.599415188634218,42.99276771724638,24.889222512267196,1.6711786217751878,6,7,0,1,951.1352584517081
26.193815806045745,49.42287902049223,14.567861233617037,28.989642191647754,4,7,0,0,762.6737568356696
-0.7207744469216637,24.647356166427983,20.311845526104293,8.325177352475755,4,8,0,0,1300.2982253125606
25.44111610008112,28.92097698570211,8.173525608416881,35.61101025885793,5,5,0,1,488.3408665809088
16.650663147044412,61.26895221698625,7.643598936182277,8.794514170933104,1,5,0,0,936.778740043307
33.51968015435978,41.40741413823772,10.067593024864005,11.769163094917879,1,1,0,0,771.9594129424506
8.674886641547443,86.83841805937556,16.812681566841228,24.718540552287905,5,9,0,1,1301.9305067795528
20.304875725357924,21.175471092396307,17.05479223137747,45.7417474998439,5,6,0,1,570.2794735958413
32.2811242204007,50.32752389375489,7.88098586623627,10.585718607398542,0,9,0,0,1108.629115567638
-0.8996108803728298,46.987643741527414,3.330248103415717,7.212001055905176,0,3,0,0,1198.9164897273035
32.48913948945805,21.54621047340808,15.809906411637714,37.948841592701534,2,5,0,0,173.08995684915016
22.515428892032535,29.949471920040818,3.208146554719113,25.03097661669655,2,2,0,0,742.759060691872
-2.286517635793124,53.09141399349082,14.462312705733252,45.58925561908857,2,10,0,0,1144.1486367075931
7.03854267787265,59.429166755795734,17.335553201407723,7.330727857992114,2,5,0,0,1189.6146718465773
23.326883545811263,52.34317978038953,17.51528740986129,32.296394651151964,4,8,0,0,921.5092393270327
-2.305975941249132,62.475014272967506,18.836802766489917,11.643957307590751,4,11,0,0,1844.554436153873
18.28681840705093,67.61053399245452,21.821485539141612,7.838021432581965,0,2,0,0,1078.122501095139
8.83532227811827,20.79390569022685,12.498974799119711,34.171470757863524,1,8,0,0,989.8345670291964
19.836620710699084,57.127612756280314,18.25622973823928,29.68423099543666,5,4,0,1,649.0086232960805
-3.170318647499486,97.07993927100706,15.479318384145918,37.74137291811656,6,10,0,1,1217.8236071096985
29.86147224609505,61.522582410363896,4.665998494942064,15.473128822309118,1,10,0,0,1105.6855840594858
33.939558767095875,74.20338139671625,0.6422411217352042,22.398582819109496,3,1,0,0,723.8294967103453
33.75511421142766,44.949108633350654,7.113534641923344,20.273583816520922,4,5,0,0,633.3397776480684
24.98607326971699,81.91931025222101,11.075842658440486,49.20447319832571,2,1,0,0,765.5343363515136
0.20344960522527877,81.8337185500892,15.427648610716407,14.612447836969395,2,7,0,0,1324.3987705581153
25.330527837160904,61.703683812331114,21.248983262580133,14.740861917338343,3,8,0,0,940.6468412638168
-4.01652334164794,98.08110586233708,4.906142917654141,17.72741044143037,1,3,0,0,1418.9048013821553
-4.11505793884011,30.044017181012272,3.1387447474619274,28.229704064516074,2,3,0,0,990.2867031053655
7.94440876598165,21.35581319116648,24.086998686858188,12.616137213187262,1,7,0,0,1266.1610304608132
14.54572761618663,81.61265694056767,2.7011139844101777,45.764497018963695,5,4,0,1,762.5544220202986
25.81629671231173,84.5724429891906,11.96227675267973,13.284278243313175,3,3,0,0,997.404136373528
22.33181506426021,29.6165783296461,14.639093219832548,44.79078657800974,6,8,1,1,207.4753095648063
12.836108255069934,41.24662663668849,13.534360522685956,5.173753182329232,1,3,0,0,1187.6860527636259
5.945066651266635,21.404189069330315,2.1508039258235803,32.82813511998262,5,7,0,1,690.2011138827493
34.884980006308446,43.46468886244517,1.4256728500904843,45.34927592191219,1,2,0,0,175.94620156264094
12.047252089438917,81.85134991349372,2.637085686525892,8.437471919911477,1,11,0,0,1439.421606305105
13.05548097318702,61.436842217006316,14.639692096815313,48.41634800496275,2,11,0,0,1002.7873030967462
1.5449528476667673,47.84764745346305,13.608622190858027,22.644168020775584,0,1,0,0,974.8252487102433
26.792381949997175,49.73914359250642,5.843519800918607,47.285755422051224,4,12,0,0,816.34122438966
22.747289031259545,20.108290057237454,15.944353546139789,33.84100218150235,1,6,0,0,604.5131723964752
3.8307845115504158,43.98404220521887,20.501687551391235,15.079343493677577,1,8,0,0,1397.9452774800034
-1.7047581753662921,71.71669933103443,1.039473996164844,9.41512624585532,1,1,0,0,1372.5936160277504
22.219972082988523,97.93555550530857,12.45324858870106,15.18675231125497,0,10,0,0,1508.5651043829814
21.18044857124541,87.76486615871195,17.232760302567257,4.650870463133749,5,12,0,1,1324.8515256109267
5.930381079928373,21.88759717164233,6.307798176742177,7.193398317166489,6,9,0,1,1215.560985281665
33.03454249001641,91.88484837398715,7.694272632328728,5.233022017324057,6,3,0,1,738.283307429738
1.0423156712360093,82.65587306389007,15.340947574734596,21.147177187077887,3,3,0,0,1596.02062283719
12.293392041704077,82.43008988567843,22.448382336093424,39.77891881287932,2,4,0,0,1074.25179869335
32.74463680670395,56.63966072028572,20.248110507572484,7.0691777108170095,0,11,0,0,1062.2024731855724
11.789092677044891,51.840423436360226,14.578255477489588,6.516021658616794,5,1,0,1,950.449500331654
20.54103790656342,44.23325830665541,18.25554294393123,32.171447475866536,1,9,0,0,873.1450267002958
10.903775918511771,25.255588716349262,9.120561755194966,9.859149098403314,5,11,0,1,1296.3745996405937
5.968608093946801,38.258829079495925,16.024138202468944,4.88050190544958,0,3,0,0,1264.8632313728415
34.359105918393126,39.72829079824197,11.654539778188925,8.342428910278882,0,10,0,0,878.8078254303671
11.37336025260172,58.72616557681613,4.748403411439023,46.18656979383881,0,4,0,0,666.7800311671166
30.76396814716538,79.79555252773552,17.54345684693143,41.07356263880954,3,1,0,0,711.4799912877561
4.198184235643447,57.90478627183573,13.911615933720551,17.703228117754705,4,4,0,0,1281.1970111457836
3.524188161003332,24.62755595577285,8.965539548839786,32.79103836636964,2,1,0,0,860.9327225228576
-3.7546366846195456,96.62318407905632,22.783479751965768,26.863783683401905,3,5,0,0,1457.990149796297
21.066673015035402,95.41794552752899,0.5233529456683317,33.8562131741282,3,5,0,0,943.6124616710928
9.741053748950446,82.81516345187268,7.8943287812374,34.13355762313797,4,11,0,0,1440.9354435041757
29.574329993585483,99.30623212513764,1.422034944441164,31.43670075299965,3,7,1,0,929.2201970112396
13.928396267662286,63.55858662402103,19.16318290554068,13.305068426865429,0,8,0,0,1318.15515821176
33.72773711658887,97.02146802025649,17.552686352844816,1.9503210381409064,0,4,0,0,1211.777532160721
2.421020628124846,26.048403249340062,8.283805468407927,22.77833909950544,5,7,0,1,1016.3207431836598
29.74492671822443,49.254459860909705,16.891572555176825,44.54869423453519,1,4,0,0,371.39602404949346
26.06387411166967,38.030501440541265,9.898430654898746,28.474862925928797,3,3,0,0,526.2683519772063
25.83687378576208,35.666646730741604,18.906344785560858,41.61955208509539,1,6,0,0,707.0154858923885
28.791329124675507,31.264235911414087,11.354591568417652,49.581217148061405,2,4,0,0,498.71878912427815
25.440959637719956,69.79309132527973,10.30699319579164,8.180810206913813,6,3,1,1,801.5696472140064
20.048812865256615,82.5057484597844,23.368247887207524,34.58888195709912,0,9,0,0,1117.2494565321997
0.24979510729550292,66.26387195362885,6.271977497267506,33.71467868500123,5,5,0,1,1162.0994969327612
-3.6989528203499233,31.757016767056776,3.011183499914136,48.997772367913925,2,7,0,0,934.5002900112987
31.833913912627473,84.88990159467767,14.613577831486454,49.280036697640014,5,12,1,1,605.5066216243791
19.666012580829523,70.87637657309828,24.233045307104472,34.33393058620647,6,6,0,1,824.0502420931809
26.861491639047053,51.05325649015964,9.445980343179667,12.180739599109714,6,10,0,1,843.7499092453664
14.260894060502004,73.93042364288503,1.550919090719538,39.927791906529954,4,5,0,0,996.0198236727614
-0.3076724415042209,40.792398339426626,8.482631682739186,5.351456710551905,0,7,0,0,1509.5402150457703
0.007431688102017553,47.61537667953684,12.648291357988962,39.03496520858143,2,11,0,0,1450.308216747989
22.422611489158854,93.39886745055922,4.048075165805343,45.509806207234824,4,6,0,0,890.0561533142752
12.212235795978508,43.240360453713635,16.4525554514123,19.14166973842176,6,10,0,1,969.7256970096744
3.020989068013469,57.59906145263493,24.943734725255016,31.53176474915402,2,2,0,0,1004.406219469061
14.663781869657475,91.21129099168117,11.293486899536095,21.507136604841314,5,3,0,1,1020.0261961116846
-2.4316425169946365,76.6177080214022,8.868213918255316,21.888252749406423,4,2,0,0,1293.2668588671677
18.278856076575952,24.97625809317622,10.017604170861667,15.518544455406003,4,12,0,0,1122.6358387787486
5.759736177403907,31.784243542317625,2.8786544598800283,38.10648102251623,0,3,0,0,823.514602984794
26.902364025487525,20.627327261753344,22.081840035655595,46.80882820832526,1,1,1,0,183.38479976103804
7.414478356942951,70.47374321833307,10.3706413880338,47.037542961723055,5,8,0,1,951.2596986656165
13.208805963272049,55.81387403283347,9.681860285621033,8.739064243746691,5,6,0,1,870.3807685711844
-4.535178403675975,30.741988072182043,16.492256823261858,43.7371824828283,4,2,0,0,900.0636881036354
-2.102124488217645,96.63472968454164,11.050835523278089,36.871572071356105,4,8,0,0,1416.7645422096866
10.699742256267392,62.37277791564959,16.20583672019615,12.641870034514463,0,6,0,0,1292.3874152115782
14.197553388684941,39.351463529031136,1.5361572532696877,3.3642306460757276,1,7,0,0,1127.0758043029114
19.000821924772147,60.0482856923766,20.343083593055685,13.399863344218899,5,11,0,1,1174.269205781862
6.666503148372129,74.36962661880862,23.512598821985065,45.61041183907628,6,1,0,1,848.3958838745568
22.799275445061703,26.099137437885158,16.21913465398465,31.658933744788616,3,7,0,0,698.3512672005147
29.404895887568184,41.97630520383136,23.86414822147027,36.05273304489359,3,3,0,0,613.5961139226667
26.194039555733994,84.55723927071949,3.7858078592490823,12.857617555454793,1,11,0,0,1245.8835364280221
-3.415246986065714,56.7731896322129,11.935404737008842,35.969407778741015,2,12,0,0,1374.9372678701677
14.220277890313158,63.72617136258359,15.045168348636182,1.406075313896188,0,8,0,0,1069.085392110831
-0.8027928632730053,54.62528017675754,14.543416185529667,18.76606728865069,1,6,0,0,1192.2057248348826
4.681800634501099,23.51199541144041,10.03654447722608,31.33766742711656,3,4,0,0,759.9128006570073
34.46650373068586,33.259982385612474,8.452110234156535,7.304828277066012,4,11,0,0,944.7915154553943
0.6998217160605291,55.64333109935127,3.17060056376047,41.15017872234674,3,8,0,0,1229.7252669895518
14.955526138054243,36.73483723263423,9.793561264056954,11.751564940595932,4,9,0,0,1119.5712567428993
19.726229372724763,23.998322292774297,4.066520377637128,32.61405564092231,0,10,0,0,890.920473149538
23.098598821764156,87.4919731241459,18.35914191230546,20.259857128766484,4,2,0,0,1049.9258614638
17.385947339476566,98.49540233312926,5.2207733873647495,29.802179773882358,1,6,0,0,1138.0968929564356
-4.609166103232654,83.45142991973916,1.4641326321133463,5.372527631445406,4,5,1,0,1442.9953001801262
8.058452329759675,88.30279373637336,13.809153445430859,0.8456399960803662,2,5,0,0,1514.3934625487136
15.708465735388458,39.35817042536363,14.88074331798504,45.47822136901506,1,10,0,0,821.9150893625331
-1.4853400342066658,96.85015804105598,21.79782653201264,13.48150043835914,0,11,0,0,1784.419574365467
9.02507724836723,35.75405635627427,14.424540310442048,40.983850139022955,1,3,0,0,897.0678432666903
-3.6718756483453374,96.11438482894658,8.637021343086143,49.96751502361001,2,12,0,0,1460.5238486675548
-1.8568601137991703,99.58554351727608,20.075297038158013,10.571562899945558,0,8,0,0,1722.0126963740945
10.876931048063842,76.9378244596839,13.506972329685526,13.25853705916778,3,8,0,0,1268.218672528207
0.3086301617224141,98.49149854334576,1.9820071157797936,33.14298938173329,2,12,0,0,1661.9496756315802
17.701633930462325,65.56318236536829,14.146264007831167,48.27243173003106,0,5,0,0,617.1547604853638
22.57859876549063,40.763342654087225,22.70046363554156,45.790717409537194,6,8,0,1,422.0251769039778
27.023467964363313,54.95967085324967,9.907815637455514,25.143776003279246,4,10,0,0,974.9702748746681
3.0060097697924038,67.48487483030287,7.408145047495002,39.75551412633623,1,8,0,0,1061.519357324784
1.6993032903627903,25.846524962161197,3.586736425450501,6.787292654995053,0,3,0,0,1241.9535220410592
-0.8172863866239899,69.78746116937968,3.786138048383933,48.87190921020061,1,2,0,0,771.6792231044217
20.457209981745468,98.49422694098357,10.819287108545472,48.21766170179932,4,9,0,0,1091.2555894288955
23.259029059476045,35.20861198269821,14.891995604038238,8.186447893958547,0,2,0,0,917.1753297636313
-3.7365542069743185,83.40760930307067,2.0153851292400438,14.97115624015533,3,9,0,0,1609.2071638876857
32.448489849747595,92.63190350236955,23.489214725629143,5.007749875338346,6,4,0,1,783.3759362054777
-2.9211486539411036,95.49612742561766,18.878340436129896,13.585879944908985,6,12,0,1,1510.8654363284477
16.65185341204282,96.81084835243578,14.665597957091567,40.79778947076033,2,2,0,0,939.6232695606088
23.362420778036658,61.71677109771775,20.71096677347477,18.915780358262975,0,10,0,0,1087.132473743814
29.838764949843423,98.1846326393203,2.0046689203028323,4.419848357337919,4,1,0,0,1105.8855717064769
23.56347728529711,80.58481657075511,11.92097194332811,17.111276238945226,0,4,0,0,1015.379475898399
27.069123322791672,32.93371489895695,15.752328171541585,49.069166712064,1,9,1,0,353.9266506501195
8.578007701712242,58.1520085174376,20.71632265295723,31.484179762960146,5,12,0,1,906.0490173919442
27.59300454986049,77.46649402976031,19.58673900123169,20.80804732030789,0,9,0,0,1156.7736378775405
-1.7954061446129943,39.787225265526665,6.9267312428349905,8.3269256748635,6,4,0,1,1111.5368057579726
30.792666242421106,71.24921468391099,23.522004238980106,49.30883986418474,6,9,0,1,578.4910972474289
16.90369504614945,73.32803832372954,3.1086460357717587,41.042450463156435,6,12,0,1,861.8996490554701
27.691910798499748,33.01597950468527,21.878340465528805,14.07386512254597,3,6,0,0,678.6781588564932
13.092731380732005,65.2068249962205,24.273506240115463,3.503434786059473,0,1,0,0,1320.3696017062705
20.743107807860998,81.73015287828862,4.428838080565639,2.8312778688779017,2,10,0,0,1457.5978142413692
16.056106437444527,59.91165316287535,18.051651605094634,6.018907475276691,0,6,1,0,1095.8304552455447
24.263580870213275,20.968249342088594,1.0071379694499616,29.03842918072108,5,9,0,1,600.8664559789961
-1.734800718776417,20.723077526343374,10.135570628478874,46.43817106027462,6,2,0,1,471.7345844709952
-2.585916640377448,48.562347517600976,12.90708247994185,24.837171400299223,1,6,0,0,1449.2474137343388
4.884129360405858,94.09552547454255,14.516130647740852,42.14727412280986,6,2,0,1,1007.0043701603475
1.3817872045275337,38.2941423682887,23.39843120621399,22.294330992990393,0,4,0,0,1128.2763762637542
29.87134266368807,70.74909510973497,16.806267182354865,35.42917728839126,3,8,0,0,789.0827948444431
3.7685594943217726,37.76606965546564,12.031948780480924,36.59363686432504,4,7,0,0,795.9738594864513
34.03461023276525,45.73359917276389,20.241875906647234,8.698185295166933,0,11,0,0,1115.806614461638
8.475831670844274,87.84336716811872,23.763320523860223,18.060802948790588,0,12,0,0,1433.2276216475186
2.2847166275479713,78.30891538159575,0.5516537170572711,31.865107826901195,2,9,0,0,1364.3829729460876
26.587940285699165,27.63194218505685,24.563031806400968,3.5348304092183094,3,7,0,0,1040.201762272772
21.348311020035045,54.296161678914686,2.1533034765920083,18.07700938814783,5,1,0,1,738.208418353069
14.92782865812556,22.333581091621156,20.359669481719035,26.739973314059622,4,2,0,0,768.0674354422526
17.21454203750525,58.47121172824072,7.008368813785312,49.811224652231935,6,6,0,1,764.6543943737057
23.768071130890554,72.99472093608544,3.3044914438467936,23.726678131122036,1,7,0,0,908.553198110245
4.138189653251949,29.480209887852126,10.996390992845873,40.80283785571618,0,3,0,0,805.7428670733619
34.853356642269674,43.11079511273326,16.09891448619034,21.603364253330888,5,9,0,1,656.4072719007094
33.991726485871325,51.826930040172556,9.523796125586875,39.81953613098545,4,7,0,0,396.15447907190185
21.013027453877477,93.56248197248398,1.364135207067474,29.77074008100542,1,6,0,0,1066.2712006450392
2.9816980371658053,99.46040123383712,14.986528491467915,44.32977207511992,5,6,0,1,1244.3769314959036
22.209129697251655,23.592903919649267,22.560081902766868,20.547127617505495,3,1,0,0,792.1098776376698
-2.1120636408329663,80.88063387963136,9.580384148681292,30.21522099107394,3,5,0,0,1488.8404033268478
-3.7738999117677574,49.73792531218746,5.408319440770676,31.50093403094137,4,10,0,0,1123.733511350657
5.307315540448547,51.396654898358406,11.064433648320385,20.869147090023667,6,3,0,1,1143.673707569592
13.504918269572652,80.34119786776182,1.2090677762195217,7.215602184374076,1,7,0,0,1357.8783054399557
29.730900216335222,93.4741145716327,20.51218961200687,4.677970345616778,3,10,0,0,1475.707996117977
24.086762790652323,96.07428756020387,20.658520273754668,0.833577529981655,4,3,0,0,1202.5730202693846
24.70826084799924,66.16980688306566,14.700011585740711,43.67671321226073,3,5,0,0,649.7779648647253
12.019733377923014,48.569692744040225,8.827572223459738,11.823745611934728,3,7,0,0,1050.4428937562388
8.837399701878518,83.00392686870234,19.994584111144583,10.575337464088403,5,3,0,1,1284.2921890373552
9.841550519384107,40.08011066098402,13.86717561970918,36.80177002130328,5,10,0,1,963.9415535937192
34.505982549442315,65.12592230668142,20.648307713750405,16.000805654369586,3,2,0,0,637.6274759525448
-3.3956323435007008,48.68627692198985,15.786469814575515,25.30223462059183,2,6,0,0,1036.5027864843923
29.681259844897944,72.53048589663008,19.61013683031993,8.125553264872815,5,8,0,1,1056.9227962539321
18.147016342895736,39.23191303148055,14.964074830444,47.98728607309846,1,4,0,0,646.9266456383434
12.54461676758362,35.32743565878606,10.353526705391655,42.57907000086187,4,9,0,0,754.6891290097639
24.01030641660546,93.45912693403497,23.94864649815344,43.18948114825017,4,12,0,0,964.3606785978022
14.466757656988115,28.14429463596295,13.52784562197112,20.33868742860026,6,12,0,1,1072.9757431975574
29.93692952326642,60.47663261879453,15.12723796351346,38.11806068535864,1,8,0,0,928.0424591509053
31.028074560450342,37.668222637040714,5.512190985368731,7.193807769489008,1,7,0,0,822.5072791634891
11.868837074938217,23.114397066053396,15.641269735681911,0.4309501295890139,1,7,0,0,1086.548574109374
6.073111889402063,22.881505463314113,14.290191237073596,0.9986466289014062,6,3,0,1,1061.7906115357307
18.694013143734487,34.01774176846619,4.620959948675623,29.330086870228023,1,6,0,0,849.1448693661916
31.494533824667638,89.34162836048002,1.489677433828593,22.76974526239704,0,5,0,0,863.1430270868312
3.426487560226663,42.598299518162136,15.108982992869278,25.900767445425988,6,1,0,1,1065.3135840680848
19.91866334253931,96.03673364602366,19.092306733758015,0.37315702086097025,4,11,0,0,1636.025273565103
20.262408803700822,66.52978343913549,13.085034273050205,21.134330982871287,0,3,0,0,895.4124732543859
24.32452089661124,54.92913518150129,5.669315632991142,35.90340806004304,6,12,0,1,662.8341158960691
0.26270740509039214,66.40710677355636,16.663049417325873,22.134685098371794,3,1,0,0,1302.0163494238468
23.63299858728354,61.33587081810142,2.0026431652400563,36.610960315611116,3,4,0,0,829.2731820771303
31.36130082662564,80.70210030058601,11.045842620048866,11.65094821984174,4,10,0,0,1108.3979051490494
2.187324354809679,42.59968527782818,4.084168959960505,40.65710022408627,3,3,0,0,906.8434425073083
4.501732996955106,48.24403132802419,4.6114762764970845,29.421562022672614,1,11,0,0,1203.6545042638118
33.855803761665584,91.52754420266005,5.057348728955091,10.538154971495311,6,4,0,1,926.5937004421703
2.2390781083795908,95.71652105203243,9.667676426099447,11.836023792691647,0,9,0,0,1513.4765954465825
29.175403734783167,91.40465819891796,1.2787551405099407,31.40152322847685,1,3,0,0,681.1826009614091
14.691114257921392,53.55583951658509,9.944836023227454,41.496979660622166,3,12,0,0,1093.4187324303903
4.889242976127082,82.42924024055054,12.792686177867521,20.78138910145776,5,6,0,1,1330.3405222529636
29.829996050900455,58.1068586640879,12.082357124158131,12.91502145637961,0,6,0,0,869.0196496792921
12.81221020010662,59.80318817168818,9.569602510076013,43.35058034553002,1,7,0,0,827.554081825591
15.592694157187609,36.374408724582715,20.978665201768813,33.46341458754175,6,9,0,1,940.0614610076894
9.369334775990627,67.29042426068132,3.6331673105126026,22.404274364153824,4,12,0,0,1267.6094387115163
18.718034057397098,34.89087182026783,12.64241859453435,24.395009763965092,1,7,0,0,890.5597133883772
1.5409549034009107,46.5251759253755,1.5510354239138575,10.21282339681982,5,1,0,1,1033.343895118228
10.643261466070427,88.40241612959481,1.7788919719477436,31.340131503242198,3,8,0,0,1065.8290330331993
33.7764928934115,36.56606473686842,14.346646241927408,17.93712552714443,0,5,0,0,694.716394203447
5.325337308045102,25.692662813874627,14.150460622195524,49.782258833717464,4,9,0,0,858.502282696329
21.269466581651688,25.520607409025303,21.950837821111424,24.009175763094394,0,10,0,0,948.3900841417907
8.007602568987796,95.26276164024863,13.94684189150183,24.29428030948066,4,12,0,0,1516.9737373199519
25.938925027464027,60.55363503694677,23.994775510121254,28.292589370533594,6,5,0,1,942.3166980290173
0.23494642873399307,52.752965745361465,1.217371209998244,45.83780015593734,0,5,0,0,1070.4651962887435
33.79284180314179,84.87028648063347,2.4501921195185266,40.040904992987514,3,12,0,0,885.8310397106826
13.15158165534557,86.86607423284129,1.101646539259535,22.556503489892073,6,12,0,1,1286.7188128985752
4.442018533858558,46.575282649248365,4.631921258338501,35.9349632986398,6,2,0,1,952.5222655437215
-2.0601301067994937,75.48944459790361,13.531752773541953,29.31177493903808,4,12,0,0,1588.603709348738
1.7903162035016296,81.68982526815093,16.1393045356857,24.618352435062445,2,11,0,0,1374.7891819595325
15.790957942240706,72.37205494927636,1.13962894871672,9.615788639217527,0,3,0,0,1216.012099398739
8.480127057251451,32.12760598400795,23.649272246139983,23.196813172744545,0,10,0,0,1273.0466450320966
28.155334635304378,90.07064668136456,21.054134416259526,12.290929351128732,1,9,0,0,1378.9938967760675
12.235500946472238,63.12756421888069,7.4153120539273285,45.74210749258273,4,7,0,0,859.3656879185985
4.948570903505196,42.597794109600294,1.929688255661699,16.770340674817348,5,1,0,1,857.4713272116769
19.685799464161203,54.01825483501551,4.247176830476432,47.613200726668616,2,3,0,0,502.9851264621931
23.271088675417833,23.00568723191259,3.1736103438743166,26.65276450473556,3,12,0,0,896.5944281023018
1.6816763160379944,30.229344097793405,3.0820944824736713,31.577218933808016,1,2,0,0,949.6003336208341
1.7047686515327065,81.24374004126886,12.964042216643348,27.14702222446639,2,1,0,0,1113.7721139542261
-3.533142922658281,20.000930780429293,6.1461860623350075,6.469030848335045,4,9,0,0,1356.4223316164241
24.45608060262562,53.32526627858337,8.953492913228612,18.79106095039705,2,8,0,0,764.4097191141129
21.552181104872204,61.800814486847074,24.737633334608063,4.957305613881196,6,5,0,1,1186.5684714318218
13.985235029992555,24.370753600077784,17.10785622313362,31.147702209169086,0,11,0,0,808.3162957550674
28.766817958767884,97.84625303778662,23.724516676175035,22.343709760021945,6,12,0,1,1179.2189067788258
27.226806118002127,38.09002649997375,3.5639138758278897,38.89924857854684,0,2,0,0,484.00886603325904
18.414174575870085,44.33589757090247,9.553486870814233,11.023524049968492,1,1,0,0,888.9193993115643
29.730851220530347,44.31540098040219,13.868295082058857,8.228302921466746,4,7,0,0,937.947485377475
3.23364840147073,38.43333296938799,1.9189515472184504,20.31661154818839,4,11,0,0,1173.1556088651487
-0.523215224090885,20.11790576690491,0.10468609069894663,46.329269160919054,2,11,0,0,942.5479173486456
5.789984460679585,78.3475835270397,16.760858344922937,35.52109075062059,1,2,0,0,1140.0940251338616
-2.716525756427406,97.34763998394283,16.04548792003588,20.946181239645934,4,1,0,0,1506.630799753401
16.24678112004128,37.94347866280361,10.269720249990295,25.863608487715528,5,2,0,1,625.8289382787301
32.464227691798456,73.0437753442738,12.241101900800816,4.210650558854917,5,7,0,1,814.5892065097532
-3.426258373259614,79.3517061566972,10.38607501480224,49.22879481880565,6,7,0,1,1008.7692230942237
-0.11560343959892805,87.87403032724198,0.6001261211222214,33.32036523474595,0,10,0,0,1594.3705126102673
13.087961131337412,53.81033576108873,8.384290155436561,14.270203423171123,2,6,0,0,1054.8843589158218
32.3550007011162,44.23447245123434,4.4270563849322455,29.290419710762215,3,5,0,0,592.0769003756932
7.64624419907002,46.02361072184249,2.4606047275342187,5.474118303449699,0,3,0,0,1297.1956532457161
15.289392347535697,77.00970664788103,23.918010847233745,48.29183344037918,1,12,0,0,1027.9357347833345
-3.337085637984316,85.34235732045089,14.983993126054141,8.739249394168297,4,3,0,0,1492.790024517677
0.9337280384835545,34.52911742052821,18.216407105915067,32.40151590276071,0,11,0,0,1280.507150785242
34.46520491835388,49.67528065262122,7.884093581652937,12.272723126946522,3,12,0,0,1155.6199721345893
33.60474785744182,92.155215739932,9.82867823735038,35.87806913242679,3,9,0,0,823.0263395189678
-4.802400762623615,84.53548157557914,5.9230998474180865,38.841068362014056,5,4,0,1,1277.358459804064
33.07247141692956,98.78867222099807,2.4241417741356184,33.670986445571636,1,9,0,0,907.8418379571697
20.564797512620014,80.33986077456646,4.475790936039595,30.724973012759627,0,4,0,0,826.3363223815214
29.716731780800885,51.45561608223378,19.937851132412145,44.623454697600586,2,2,0,0,490.12390201872995
13.189594225354364,67.25102671957102,16.938645129594395,3.931335549487902,0,4,0,0,1137.2183492049899
15.62384114317001,72.88114033978562,13.673221899636923,16.54573828900976,5,6,0,1,1119.1382886068425
14.553863210276807,26.276465305369918,11.877246821669202,12.414373981542298,6,6,0,1,1207.6499333140673
21.674570301844174,63.55975672830921,23.06085709140311,49.40069810327108,3,5,0,0,805.3550437893481
0.5860501902525161,76.74566627780877,1.8183736944667102,19.469488983343673,1,1,0,0,1203.3894723117405
-3.801056405092882,33.38570432008483,7.015020330947899,36.63063496201994,1,3,0,0,1066.8882494859572
7.317197663647637,82.45053739404457,8.74844633926785,34.23625819405023,2,5,0,0,1034.4768598918151
23.18723050946587,66.70182244112893,19.560645305319696,10.604061873868886,1,6,0,0,1022.4138628353901
3.0741380849179345,96.17774285580757,24.812865504049284,11.949884010577566,5,1,0,1,1287.1870563864654
21.937297332996692,23.393783856551337,6.016762868928827,14.064228177651705,5,9,0,1,838.0788232341306
33.79648184429082,41.22609100443736,21.857683353427014,20.556363912968962,5,3,0,1,398.00467301401227
-1.2439713684232645,68.12431034398593,20.76556901079478,11.71625328252634,1,10,0,0,1553.0019782315615
21.90408472900505,43.724792976474454,5.616434941044165,0.9825741373423902,1,3,0,0,967.0109507573557
12.750008772182845,77.15393312569938,9.983314504980564,43.96965284035977,5,11,0,1,1158.986869435981
29.725690175100215,80.72042260175448,10.241821732312978,48.2804915690442,1,2,0,0,426.0609365229701
2.0859915778954363,28.201277125317958,24.45551671316396,17.078519351578397,1,8,0,0,1089.237497810145
22.70503808904658,61.108357136541414,4.522297534472458,16.925343971273644,3,3,0,0,912.3282639636736
28.524611585924408,60.71124444728447,19.978949277619552,0.35459063871854934,0,6,0,0,1207.186700888349
32.78456877896093,49.54246161724328,8.354817854327749,34.012534416518704,4,2,0,0,547.6873693493225
22.329921131585834,94.63398900557377,18.27175864440401,41.27199478743144,1,7,0,0,1002.3123868108725
14.886990560337093,86.2005055898577,10.500275107391571,7.330415018000158,4,4,0,0,1246.5332665788605
19.713889608048554,75.77675055277095,14.4589940779135,7.983317468357537,6,9,0,1,1269.8707150448613
29.75619937914873,77.14613085879981,20.81529433315328,39.50416249857189,4,10,0,0,968.6655492690268
17.824389865553186,56.93729150504953,20.104139124597104,30.814537417707232,3,9,0,0,993.6524269956042
-3.7845176121265256,93.67956168772606,21.660579588492503,2.2430278813858506,1,7,0,0,1661.194001965012
32.23794782027911,75.56763418026283,1.4904331336164756,31.127349523114084,5,12,0,1,751.7641150979387
22.581070041262446,78.31848493246531,17.301263825993622,15.445886142188304,4,8,1,0,1060.8934680782606
22.06053543108986,88.93527230298761,3.4996844180440716,18.436257773542298,1,3,0,0,871.9777890394998
3.627006095908687,41.925727147375284,10.395464200460275,38.48657091484401,2,11,0,0,1288.854681080438
21.355418809306286,84.56567230933624,13.714710376367211,40.54675963363053,6,5,0,1,728.8463344740555
10.75457622616634,35.61924823651936,10.068487118670769,20.01783134199153,5,2,0,1,827.6894516379517
21.049319081659682,47.627356179591025,12.990291895075186,47.35764680031774,2,10,0,0,844.9721162577422
-0.7362787876803711,46.848836341587415,24.91315771996548,20.32313589760361,2,7,0,0,1233.514748484129
21.313812184121442,98.28203747113125,3.380432842821368,38.591801761505494,4,8,0,0,986.5560683988979
34.97654903082666,88.52297789983415,16.88640113341064,24.193863228212955,2,9,1,0,792.9978242160199
-3.071518445577759,76.09358892722078,9.900024159640381,44.8766163261042,3,11,0,0,1242.2025244564484
34.08696736885269,78.16454092923121,3.3252449726832194,45.38806218250893,3,11,0,0,655.5238859003853
11.276318428914823,64.96582355220569,3.9684190843577385,4.370840393554193,4,7,0,0,1232.134551092505
29.830138013490366,95.76725336868152,23.73182765614042,46.824666565511286,1,10,0,0,1031.5158149072413
26.29541936233094,59.70070023058892,21.99003741779405,41.27674207602078,0,10,0,0,875.0773494648942
17.68065043946671,50.441416789591564,22.676049010375547,39.565535715633345,1,8,0,0,797.37736233274
24.53796837005306,33.04282695452728,24.788319395684663,10.045566984276121,1,12,0,0,1193.5415237938585
30.140622452053915,82.89645218088464,5.207884750212949,40.25596043773324,1,9,0,0,766.4535645634196
11.165612866041318,78.75551456604731,8.885983434101544,42.50663673425184,1,6,0,0,803.9577591995607
8.081326462529548,50.74840308193079,16.730475748121666,14.457516722707547,5,12,0,1,1351.0888018569137
21.70373542254339,22.01547311673835,12.09506349651618,47.613003918116185,0,12,0,0,857.204517238402
27.313837677650344,87.11978621744086,10.459738334458338,2.4930073199582123,5,10,0,1,1277.6847365436854
25.49140539106463,20.91343867632589,8.945281233389826,7.495462662356983,2,2,0,0,536.3983532153613
26.91254595434538,76.29598237032408,14.844515798586306,26.879056902575716,6,2,0,1,696.3346450857797
12.423332592517319,97.62056877808456,14.38983571600205,28.789623556115483,1,4,0,0,1135.1784908982163
27.713368647000863,55.01290625185628,4.036445851606002,32.25750416504517,6,9,0,1,752.6830678714181
-0.19163778517566232,38.79787239967622,11.793495937960977,0.8484564657733229,3,7,0,0,1337.2394283073254
16.779563918433983,76.38968080347054,13.836794405246247,48.01833873110651,4,2,0,0,704.3974217309164
-4.769653580075137,85.37025136124682,14.257173468284762,2.2294046367071996,4,8,0,0,1602.6080627745873
7.983433196010812,63.71442528622779,5.252679822808795,7.153097636170119,5,11,0,1,1389.9720900190316
9.658461394855916,97.36282202049169,18.55678480630717,0.700725876302849,5,7,0,1,1343.753908101952
10.846907664370216,24.13349773263689,0.6299773705267409,28.342921664704733,3,9,0,0,989.5370603639309
22.81868826759449,60.38364786436225,8.870796388579066,46.613344196048615,1,8,0,0,676.1913472242611
10.542324050813829,77.476315785804,19.505316213390838,33.29735830402321,6,3,0,1,611.1423134237075
12.947744904901226,89.01123769193431,14.097323026385059,41.13287342402137,6,1,0,1,877.0817410086229
4.5017652349730986,34.340448952623206,6.529060812771506,0.6640601729290041,0,2,0,0,1219.9972880560124
9.930071665173603,84.00027854109452,17.37382798357619,27.100764923986304,2,2,0,0,1230.0845292322279
4.090785090526059,64.21656605748362,14.184773603901835,22.978148875276094,4,4,0,0,969.2972616675795
-2.0721630492622545,51.724294559197055,19.90609023640968,24.94839721103965,2,6,0,0,1194.5771729137036
19.137943735255117,30.537202286327485,18.375629654745584,3.6106592667593973,0,4,0,0,999.4208181008945
21.72851194220065,89.223660712713,15.252698050905867,34.221768053465375,5,9,0,1,1035.648929301345
19.77961384038458,32.581856654377226,12.20444188277035,25.161020742931722,6,4,0,1,512.7253582283977
13.539761752022894,44.78302873672794,3.329553141688085,38.257442493063195,4,6,0,0,868.0493945287622
10.191431207169192,43.20364255699495,6.533325447134594,24.26453170308577,2,6,0,0,956.3903876799097
29.53334598287301,89.71312273526834,10.477486822927132,7.469081811321604,5,10,0,1,966.3217131172111
